"country","iso","year","total","coal","oil","gas","cement","flaring","other"
"Afghanistan","AFG",2017,0.276852,0.096731,0.170436,0.008429,0.001256,0,0
"Afghanistan","AFG",2018,0.294876,0.104866,0.18047,0.00799,0.00155,0,0
"Afghanistan","AFG",2019,0.293401,0.104708,0.181177,0.006502,0.001015,0,0
"Afghanistan","AFG",2020,0.299746,0.106488,0.185254,0.006447,0.001557,0,0
"Afghanistan","AFG",2021,0.296119,0.104828,0.185029,0.005956,0.000306,0,0
"Albania","ALB",2017,1.932429,0.095372,1.416589,0.058495,0.351291,0.010682,0
"Albania","ALB",2018,1.732368,0.164287,1.157651,0.052215,0.353399,0.004816,0
"Albania","ALB",2019,1.721533,0.112194,1.197159,0.045897,0.364726,0.001557,0
"Albania","ALB",2020,1.649392,0.115611,1.122339,0.045757,0.36562,0.000066,0
"Albania","ALB",2021,1.618066,0.061096,1.137164,0.052631,0.367175,0,0
"Algeria","DZA",2017,4.045341,0.019328,1.3445,2.00192,0.277278,0.402316,0
"Algeria","DZA",2018,4.147961,0.031722,1.309946,2.120033,0.295315,0.390946,0
"Algeria","DZA",2019,4.203332,0.025653,1.385251,2.136732,0.258235,0.397461,0
"Algeria","DZA",2020,3.970031,0.025282,1.25519,2.032334,0.2538,0.403426,0
"Algeria","DZA",2021,3.989977,0.024798,1.268066,2.100412,0.249628,0.347072,0
"Andorra","AND",2017,6.302098,0,6.302098,0,0,0,0
"Andorra","AND",2018,6.594057,0,6.594057,0,0,0,0
"Andorra","AND",2019,6.287204,0,6.287204,0,0,0,0
"Andorra","AND",2020,5.777148,0,5.777148,0,0,0,0
"Andorra","AND",2021,5.730292,0,5.730292,0,0,0,0
"Angola","AGO",2017,0.804541,0,0.483036,0.052027,0.032966,0.236512,0
"Angola","AGO",2018,0.728395,0,0.475601,0.051426,0.033454,0.167915,0
"Angola","AGO",2019,0.674362,0,0.429439,0.075084,0.034733,0.135106,0
"Angola","AGO",2020,0.606541,0,0.39198,0.075982,0.033616,0.104963,0
"Angola","AGO",2021,0.619141,0,0.402904,0.085536,0.032568,0.098133,0
"Anguilla","AIA",2017,9.516883,0,9.516883,0,0,0,0
"Anguilla","AIA",2018,9.412819,0,9.412819,0,0,0,0
"Anguilla","AIA",2019,10.005722,0,10.005722,0,0,0,0
"Anguilla","AIA",2020,8.430535,0,8.430535,0,0,0,0
"Anguilla","AIA",2021,9.188354,0,9.188354,0,0,0,0
"Antarctica","ATA",2017,0,0,0,0,0,0,0
"Antarctica","ATA",2018,0,0,0,0,0,0,0
"Antarctica","ATA",2019,0,0,0,0,0,0,0
"Antarctica","ATA",2020,0,0,0,0,0,0,0
"Antarctica","ATA",2021,0,0,0,0,0,0,0
"Antigua and Barbuda","ATG",2017,5.388294,0,5.388294,0,0,0,0
"Antigua and Barbuda","ATG",2018,5.438456,0,5.438456,0,0,0,0
"Antigua and Barbuda","ATG",2019,5.409468,0,5.409468,0,0,0,0
"Antigua and Barbuda","ATG",2020,4.591351,0,4.591351,0,0,0,0
"Antigua and Barbuda","ATG",2021,5.027895,0,5.027895,0,0,0,0
"Argentina","ARG",2017,4.242436,0.09714,1.835349,2.189145,0.099015,0.021787,0
"Argentina","ARG",2018,4.066307,0.098087,1.67499,2.164272,0.098364,0.030594,0
"Argentina","ARG",2019,3.989486,0.047903,1.672753,2.136715,0.092544,0.039571,0
"Argentina","ARG",2020,3.758384,0.058674,1.574577,2.003119,0.077904,0.04411,0
"Argentina","ARG",2021,4.117967,0.106371,1.773737,2.083353,0.10316,0.051346,0
"Armenia","ARM",2017,1.942603,0.001286,0.304689,1.564582,0.072046,0,0
"Armenia","ARM",2018,2.053823,0.001292,0.291926,1.64951,0.111096,0,0
"Armenia","ARM",2019,2.227932,0.003897,0.370219,1.732884,0.120932,0,0
"Armenia","ARM",2020,2.292074,0.003863,0.327806,1.838826,0.121579,0,0
"Armenia","ARM",2021,2.438591,0.004473,0.355273,1.956629,0.122216,0,0
"Aruba","ABW",2017,8.444238,0,8.444238,0,0,0,0
"Aruba","ABW",2018,8.229667,0,8.229667,0,0,0,0
"Aruba","ABW",2019,8.571203,0,8.571203,0,0,0,0
"Aruba","ABW",2020,7.308293,0,7.308293,0,0,0,0
"Aruba","ABW",2021,8.054722,0,8.054722,0,0,0,0
"Australia","AUS",2017,16.850455,7.194136,5.671368,3.099259,0.122774,0.604361,0.158558
"Australia","AUS",2018,16.665199,6.780453,5.753275,3.180032,0.117769,0.677588,0.156082
"Australia","AUS",2019,16.419679,6.486179,5.642777,3.22172,0.119869,0.796589,0.152544
"Australia","AUS",2020,15.579327,6.082697,5.277601,3.290666,0.109862,0.672876,0.145626
"Australia","AUS",2021,15.091473,5.823767,5.368438,2.979896,0.108798,0.666359,0.144215
"Austria","AUT",2017,7.910526,1.593994,3.926838,2.043153,0.194418,0.015714,0.136409
"Austria","AUT",2018,7.528656,1.390778,3.855559,1.92517,0.206623,0.014394,0.136131
"Austria","AUT",2019,7.650523,1.464565,3.838689,2.003686,0.199385,0.013317,0.130881
"Austria","AUT",2020,6.964414,1.279033,3.447875,1.894629,0.204442,0.012265,0.12617
"Austria","AUT",2021,7.24333,1.375153,3.526375,1.999475,0.204114,0.012245,0.125968
"Azerbaijan","AZE",2017,3.436113,0.000364,1.24091,2.074367,0.092232,0.02824,0
"Azerbaijan","AZE",2018,3.405638,0.000361,1.165693,2.096442,0.106669,0.036474,0
"Azerbaijan","AZE",2019,3.687951,0.000358,1.182227,2.357292,0.107153,0.040921,0
"Azerbaijan","AZE",2020,3.646883,0.000357,1.054768,2.460449,0.106609,0.024701,0
"Azerbaijan","AZE",2021,3.732457,0.000355,1.077332,2.523936,0.106319,0.024515,0
"Bahamas","BHS",2017,5.252388,0.009199,5.24319,0,0,0,0
"Bahamas","BHS",2018,6.718904,0.009117,6.709788,0,0,0,0
"Bahamas","BHS",2019,6.26732,0.009057,6.258263,0,0,0,0
"Bahamas","BHS",2020,5.33045,0.012293,5.318157,0,0,0,0
"Bahamas","BHS",2021,5.850522,0.012448,5.838075,0,0,0,0
"Bahrain","BHR",2017,22.538732,0,2.799243,19.212413,0.357213,0.169865,0
"Bahrain","BHR",2018,22.044145,0,2.473312,19.099192,0.375716,0.095925,0
"Bahrain","BHR",2019,25.307178,0,2.508568,22.172503,0.411394,0.214713,0
"Bahrain","BHR",2020,25.450788,0,2.344683,22.389554,0.416049,0.300501,0
"Bahrain","BHR",2021,26.66372,0,2.426313,23.642933,0.420088,0.174386,0
"Bangladesh","BGD",2017,0.498975,0.044203,0.115626,0.331684,0.007386,0.000075,0
"Bangladesh","BGD",2018,0.503982,0.049964,0.11965,0.326112,0.008139,0.000116,0
"Bangladesh","BGD",2019,0.553767,0.090647,0.101383,0.352671,0.008905,0.000161,0
"Bangladesh","BGD",2020,0.542497,0.101231,0.09511,0.337185,0.008804,0.000167,0
"Bangladesh","BGD",2021,0.550177,0.087702,0.106622,0.346862,0.008703,0.000288,0
"Barbados","BRB",2017,4.321146,0,3.819032,0.157486,0.252761,0.091867,0
"Barbados","BRB",2018,4.601008,0,4.085938,0.197071,0.252309,0.06569,0
"Barbados","BRB",2019,4.201212,0,3.713955,0.170005,0.251866,0.065387,0
"Barbados","BRB",2020,3.639515,0,3.165187,0.157655,0.251405,0.065267,0
"Barbados","BRB",2021,4.001781,0,3.480605,0.205075,0.250952,0.065149,0
"Belarus","BLR",2017,6.104557,0.399908,1.786644,3.569172,0.229419,0.000629,0.118785
"Belarus","BLR",2018,6.404399,0.408726,1.874861,3.790441,0.223125,0.000648,0.106598
"Belarus","BLR",2019,6.413033,0.423781,1.86444,3.786235,0.235276,0.000655,0.102645
"Belarus","BLR",2020,6.081962,0.392108,1.858074,3.491142,0.238993,0.000647,0.100998
"Belarus","BLR",2021,6.222741,0.342635,1.773462,3.76403,0.240379,0.000651,0.101584
"Belgium","BEL",2017,8.707135,1.168967,4.069848,3.077016,0.201275,0.008691,0.181338
"Belgium","BEL",2018,8.723658,1.167562,3.99298,3.153067,0.221371,0.01059,0.178088
"Belgium","BEL",2019,8.638376,1.146097,3.930573,3.144868,0.244932,0.010087,0.16182
"Belgium","BEL",2020,7.816141,0.921254,3.416304,3.101308,0.227845,0.008775,0.140655
"Belgium","BEL",2021,8.243806,0.948716,3.83822,3.08121,0.22687,0.008737,0.140053
"Belize","BLZ",2017,1.642817,0,1.633038,0.009779,0,0,0
"Belize","BLZ",2018,1.582344,0,1.572754,0.00959,0,0,0
"Belize","BLZ",2019,1.817428,0,1.817428,0,0,0,0
"Belize","BLZ",2020,1.556447,0,1.552782,0,0,0.003666,0
"Belize","BLZ",2021,1.72317,0,1.711186,0,0,0.011984,0
"Benin","BEN",2017,0.586728,0.017386,0.544662,0.006322,0.018358,0,0
"Benin","BEN",2018,0.622619,0,0.586697,0.003069,0.032853,0,0
"Benin","BEN",2019,0.581269,0.022061,0.519023,0.008645,0.03154,0,0
"Benin","BEN",2020,0.574526,0.019449,0.515422,0.008995,0.03066,0,0
"Benin","BEN",2021,0.596744,0.021878,0.535575,0.009465,0.029825,0,0
"Bermuda","BMU",2017,9.959826,0,9.959826,0,0,0,0
"Bermuda","BMU",2018,11.066178,0,11.066178,0,0,0,0
"Bermuda","BMU",2019,9.129568,0,9.129568,0,0,0,0
"Bermuda","BMU",2020,7.768184,0,7.768184,0,0,0,0
"Bermuda","BMU",2021,8.537196,0,8.537196,0,0,0,0
"Bhutan","BTN",2017,1.638922,0.503962,0.683256,0,0.451704,0,0
"Bhutan","BTN",2018,1.770616,0.556209,0.74321,0,0.471197,0,0
"Bhutan","BTN",2019,1.885524,0.549033,0.744775,0,0.591717,0,0
"Bhutan","BTN",2020,1.941335,0.572572,0.780912,0,0.587851,0,0
"Bhutan","BTN",2021,1.957702,0.576234,0.797382,0,0.584086,0,0
"Bolivia","BOL",2017,2.053189,0.002243,1.115503,0.806584,0.124513,0.004345,0
"Bolivia","BOL",2018,2.050414,0.001894,1.110857,0.8056,0.127649,0.004414,0
"Bolivia","BOL",2019,1.973223,0.002178,1.082962,0.752878,0.130588,0.004618,0
"Bolivia","BOL",2020,1.765023,0.000754,1.040544,0.610233,0.105939,0.007552,0
"Bolivia","BOL",2021,1.930686,0.001096,1.101349,0.705627,0.117536,0.005078,0
"Bonaire, Saint Eustatius and Saba","BES",2017,4.210457,0,4.210457,0,0,0,0
"Bonaire, Saint Eustatius and Saba","BES",2018,3.961874,0,3.961874,0,0,0,0
"Bonaire, Saint Eustatius and Saba","BES",2019,4.298788,0,4.298788,0,0,0,0
"Bonaire, Saint Eustatius and Saba","BES",2020,3.588496,0,3.588496,0,0,0,0
"Bonaire, Saint Eustatius and Saba","BES",2021,3.871365,0,3.871365,0,0,0,0
"Bosnia and Herzegovina","BIH",2017,6.440698,4.784465,1.421919,0.133138,0.101175,0,0
"Bosnia and Herzegovina","BIH",2018,6.492411,4.882366,1.364476,0.133645,0.111924,0,0
"Bosnia and Herzegovina","BIH",2019,6.192254,4.562677,1.393334,0.127559,0.108685,0,0
"Bosnia and Herzegovina","BIH",2020,6.308132,4.749921,1.319667,0.128474,0.11007,0,0
"Bosnia and Herzegovina","BIH",2021,4.147523,2.535815,1.350757,0.149283,0.111667,0,0
"Botswana","BWA",2017,2.946629,1.771102,1.173107,0,0.00242,0,0
"Botswana","BWA",2018,3.061203,1.886249,1.174795,0,0.000158,0,0
"Botswana","BWA",2019,2.713149,1.544295,1.168854,0,0,0,0
"Botswana","BWA",2020,2.457817,1.361848,1.095969,0,0,0,0
"Botswana","BWA",2021,2.51115,1.411529,1.099621,0,0,0,0
"Brazil","BRA",2017,2.385616,0.322879,1.517591,0.339022,0.091512,0.083955,0.030656
"Brazil","BRA",2018,2.270114,0.313279,1.430318,0.320779,0.092033,0.083291,0.030414
"Brazil","BRA",2019,2.243357,0.292223,1.427564,0.316935,0.093799,0.082655,0.030182
"Brazil","BRA",2020,2.074642,0.263798,1.318454,0.276863,0.103438,0.082107,0.029982
"Brazil","BRA",2021,2.281014,0.318346,1.385677,0.35448,0.111013,0.081675,0.029824
"British Virgin Islands","VGB",2017,5.606919,0,5.606919,0,0,0,0
"British Virgin Islands","VGB",2018,5.314521,0,5.314521,0,0,0,0
"British Virgin Islands","VGB",2019,5.506174,0,5.506174,0,0,0,0
"British Virgin Islands","VGB",2020,4.655555,0,4.655555,0,0,0,0
"British Virgin Islands","VGB",2021,5.093802,0,5.093802,0,0,0,0
"Brunei Darussalam","BRN",2017,21.635841,0,4.479134,15.855795,0,1.300912,0
"Brunei Darussalam","BRN",2018,21.517344,0,4.388911,16.179891,0,0.948541,0
"Brunei Darussalam","BRN",2019,23.941461,0.828074,8.163635,13.63394,0,1.315813,0
"Brunei Darussalam","BRN",2020,23.890806,0.86202,8.544315,13.837468,0,0.647003,0
"Brunei Darussalam","BRN",2021,23.532003,0.865973,8.708841,13.046933,0,0.910255,0
"Bulgaria","BGR",2017,6.623075,3.59125,1.717848,0.840747,0.172547,0.122168,0.178516
"Bulgaria","BGR",2018,6.128063,3.103544,1.764093,0.812233,0.171902,0.099959,0.17633
"Bulgaria","BGR",2019,5.991574,2.944635,1.856303,0.743668,0.159815,0.117263,0.169888
"Bulgaria","BGR",2020,5.296774,2.378158,1.739669,0.768244,0.152726,0.098038,0.159939
"Bulgaria","BGR",2021,6.180805,3.028459,1.855755,0.880323,0.154796,0.099366,0.162107
"Burkina Faso","BFA",2017,0.227822,0,0.192659,0,0.035163,0,0
"Burkina Faso","BFA",2018,0.242629,0,0.205006,0,0.037623,0,0
"Burkina Faso","BFA",2019,0.252788,0,0.2121,0,0.040688,0,0
"Burkina Faso","BFA",2020,0.250387,0,0.210778,0,0.039609,0,0
"Burkina Faso","BFA",2021,0.257832,0,0.219259,0,0.038573,0,0
"Burundi","BDI",2017,0.047545,0.001971,0.044012,0,0.001563,0,0
"Burundi","BDI",2018,0.059497,0.001585,0.05454,0,0.003371,0,0
"Burundi","BDI",2019,0.060455,0.004011,0.053997,0,0.002447,0,0
"Burundi","BDI",2020,0.053774,0.003803,0.047592,0,0.002378,0,0
"Burundi","BDI",2021,0.055206,0.003981,0.04891,0,0.002315,0,0
"Cambodia","KHM",2017,0.789911,0.228209,0.416377,0,0.145325,0,0
"Cambodia","KHM",2018,0.897845,0.239614,0.451334,0,0.206897,0,0
"Cambodia","KHM",2019,1.1121,0.272634,0.510906,0,0.32856,0,0
"Cambodia","KHM",2020,1.140663,0.282892,0.533,0,0.324771,0,0
"Cambodia","KHM",2021,1.14706,0.283217,0.541405,0,0.321008,0.001429,0
"Cameroon","CMR",2017,0.393289,0,0.225609,0.045963,0.041302,0.080415,0
"Cameroon","CMR",2018,0.384175,0,0.202608,0.05818,0.043266,0.08012,0
"Cameroon","CMR",2019,0.368658,0,0.195974,0.051445,0.045088,0.076151,0
"Cameroon","CMR",2020,0.340012,0,0.179877,0.052351,0.043882,0.063902,0
"Cameroon","CMR",2021,0.341829,0,0.185873,0.059246,0.04274,0.053969,0
"Canada","CAN",2017,15.635476,1.988497,7.123722,5.870196,0.18677,0.405826,0.060465
"Canada","CAN",2018,15.778726,1.641559,7.208382,6.263775,0.186708,0.419857,0.058445
"Canada","CAN",2019,15.582994,1.554416,7.177703,6.181943,0.18989,0.421818,0.057222
"Canada","CAN",2020,14.116709,1.267792,6.291544,5.904646,0.174847,0.423793,0.054087
"Canada","CAN",2021,14.300468,1.149576,6.333628,6.169093,0.173626,0.420835,0.053709
"Cape Verde","CPV",2017,1.024706,0,1.024706,0,0,0,0
"Cape Verde","CPV",2018,1.019912,0,1.019912,0,0,0,0
"Cape Verde","CPV",2019,1.060409,0,1.060409,0,0,0,0
"Cape Verde","CPV",2020,1.07284,0,1.07284,0,0,0,0
"Cape Verde","CPV",2021,1.135678,0,1.135678,0,0,0,0
"Central African Republic","CAF",2017,0.043263,0,0.043263,0,0,0,0
"Central African Republic","CAF",2018,0.04315,0,0.04315,0,0,0,0
"Central African Republic","CAF",2019,0.043608,0,0.043608,0,0,0,0
"Central African Republic","CAF",2020,0.040097,0,0.040097,0,0,0,0
"Central African Republic","CAF",2021,0.041651,0,0.041651,0,0,0,0
"Chad","TCD",2017,0.131118,0,0.093022,0,0.00899,0.029106,0
"Chad","TCD",2018,0.128603,0,0.093219,0,0.009933,0.025451,0
"Chad","TCD",2019,0.119197,0,0.089289,0,0.010092,0.019817,0
"Chad","TCD",2020,0.108275,0,0.081588,0,0.009778,0.016908,0
"Chad","TCD",2021,0.112919,0,0.083864,0,0.009473,0.019582,0
"Chile","CHL",2017,4.577088,1.51013,2.475329,0.541341,0.04714,0.003147,0
"Chile","CHL",2018,4.516692,1.446348,2.490063,0.533711,0.041826,0.004745,0
"Chile","CHL",2019,4.830064,1.629087,2.522247,0.632967,0.043348,0.002414,0
"Chile","CHL",2020,4.343649,1.34979,2.351882,0.597774,0.042762,0.001442,0
"Chile","CHL",2021,4.383426,1.343286,2.401832,0.595372,0.042339,0.000596,0
"China","CHN",2017,7.098687,5.079373,1.014402,0.344868,0.537615,0.002074,0.120355
"China","CHN",2018,7.306542,5.163049,1.058857,0.406027,0.555191,0.002365,0.121052
"China","CHN",2019,7.554165,5.305119,1.09696,0.443201,0.581544,0.002677,0.124665
"China","CHN",2020,7.68895,5.337608,1.14232,0.482747,0.602298,0.003592,0.120384
"China","CHN",2021,8.045741,5.579649,1.20159,0.542724,0.598194,0.00328,0.120303
"Christmas Island","CXR",2017,0,0,0,0,0,0,0
"Christmas Island","CXR",2018,0,0,0,0,0,0,0
"Christmas Island","CXR",2019,0,0,0,0,0,0,0
"Christmas Island","CXR",2020,0,0,0,0,0,0,0
"Christmas Island","CXR",2021,0,0,0,0,0,0,0
"Colombia","COL",2017,1.648084,0.30373,0.75008,0.464672,0.108227,0.021376,0
"Colombia","COL",2018,1.672725,0.278312,0.789801,0.47582,0.107585,0.021207,0
"Colombia","COL",2019,1.921561,0.367137,0.951753,0.472357,0.110321,0.019994,0
"Colombia","COL",2020,1.679256,0.303833,0.787472,0.474573,0.098985,0.014393,0
"Colombia","COL",2021,1.780076,0.233234,0.969493,0.451441,0.113956,0.011953,0
"Comoros","COM",2017,0.351168,0,0.351168,0,0,0,0
"Comoros","COM",2018,0.37758,0,0.37758,0,0,0,0
"Comoros","COM",2019,0.393736,0,0.393736,0,0,0,0
"Comoros","COM",2020,0.350406,0,0.350406,0,0,0,0
"Comoros","COM",2021,0.362904,0,0.362904,0,0,0,0
"Congo","COG",2017,1.073397,0,0.371756,0.222778,0.076589,0.402274,0
"Congo","COG",2018,1.212306,0,0.368649,0.246887,0.049852,0.546918,0
"Congo","COG",2019,1.317865,0,0.363403,0.338432,0.050778,0.565252,0
"Congo","COG",2020,1.320525,0,0.335117,0.346005,0.049607,0.589795,0
"Congo","COG",2021,1.279064,0,0.347396,0.392831,0.048471,0.490366,0
"Cook Islands","COK",2017,4.633975,0,4.633975,0,0,0,0
"Cook Islands","COK",2018,4.672115,0,4.672115,0,0,0,0
"Cook Islands","COK",2019,4.925307,0,4.925307,0,0,0,0
"Cook Islands","COK",2020,5.222977,0,5.222977,0,0,0,0
"Cook Islands","COK",2021,5.375721,0,5.375721,0,0,0,0
"Costa Rica","CRI",2017,1.641629,0.003669,1.498223,0,0.139738,0,0
"Costa Rica","CRI",2018,1.632595,0,1.486466,0,0.146129,0,0
"Costa Rica","CRI",2019,1.583943,0,1.439072,0,0.14487,0,0
"Costa Rica","CRI",2020,1.382314,0,1.238534,0,0.14378,0,0
"Costa Rica","CRI",2021,1.517185,0,1.374266,0,0.142919,0,0
"Cote dIvoire","CIV",2017,0.483013,0,0.30376,0.173556,0,0.005696,0
"Cote dIvoire","CIV",2018,0.406074,0,0.248138,0.154116,0,0.00382,0
"Cote dIvoire","CIV",2019,0.402909,0,0.236536,0.162829,0,0.003545,0
"Cote dIvoire","CIV",2020,0.408919,0,0.235649,0.169955,0,0.003315,0
"Cote dIvoire","CIV",2021,0.426033,0,0.245609,0.17939,0,0.001034,0
"Croatia","HRV",2017,4.470875,0.370012,2.388201,1.295695,0.307039,0.074322,0.035605
"Croatia","HRV",2018,4.260117,0.348175,2.303941,1.211972,0.291004,0.068414,0.036611
"Croatia","HRV",2019,4.324096,0.406207,2.25715,1.269931,0.286727,0.069481,0.034602
"Croatia","HRV",2020,4.117908,0.347544,2.019383,1.347157,0.296067,0.070342,0.037414
"Croatia","HRV",2021,4.359818,0.415163,2.229111,1.308067,0.298746,0.070979,0.037753
"Cuba","CUB",2017,2.224568,0.001293,1.98772,0.178087,0.056816,0.000652,0
"Cuba","CUB",2018,1.997767,0.001294,1.766661,0.16428,0.063175,0.002357,0
"Cuba","CUB",2019,2.018454,0.000324,1.798182,0.161263,0.055961,0.002724,0
"Cuba","CUB",2020,1.746103,0.000442,1.537217,0.15001,0.05604,0.002394,0
"Cuba","CUB",2021,1.959542,0.000451,1.700125,0.196253,0.056261,0.006452,0
"Curacao","CUW",2017,26.787248,0,25.97616,0.811088,0,0,0
"Curacao","CUW",2018,21.54104,0,20.985142,0.555898,0,0,0
"Curacao","CUW",2019,10.151056,0,10.151056,0,0,0,0
"Curacao","CUW",2020,8.841855,0,8.841855,0,0,0,0
"Curacao","CUW",2021,9.686792,0,9.686792,0,0,0,0
"Cyprus","CYP",2017,6.226911,0.009676,5.439979,0.000346,0.763641,0,0.01327
"Cyprus","CYP",2018,6.024253,0.044182,5.267536,0.000183,0.695883,0,0.01647
"Cyprus","CYP",2019,5.975717,0.055379,5.257423,0.000184,0.642244,0,0.020488
"Cyprus","CYP",2020,5.874231,0.05499,5.090074,0.000178,0.712962,0,0.016026
"Cyprus","CYP",2021,6.108741,0.161931,5.221541,0.000177,0.709151,0,0.015941
"Czech Republic","CZE",2017,10.231187,6.104261,2.104534,1.681995,0.164107,0.012093,0.164196
"Czech Republic","CZE",2018,10.09417,6.032838,2.123696,1.579714,0.177277,0.009876,0.17077
"Czech Republic","CZE",2019,9.586619,5.452037,2.134146,1.647717,0.187649,0.007714,0.157356
"Czech Republic","CZE",2020,8.722276,4.733362,2.006404,1.655196,0.179569,0.004991,0.142754
"Czech Republic","CZE",2021,9.241807,4.92619,2.210333,1.777341,0.179914,0.005001,0.143028
"Democratic Republic of the Congo","COD",2017,0.029352,0,0.025214,0,0.004138,0,0
"Democratic Republic of the Congo","COD",2018,0.028385,0,0.023722,0,0.004663,0,0
"Democratic Republic of the Congo","COD",2019,0.02898,0,0.023963,0,0.005017,0,0
"Democratic Republic of the Congo","COD",2020,0.02674,0,0.021882,0,0.004858,0,0
"Democratic Republic of the Congo","COD",2021,0.027183,0,0.022479,0,0.004704,0,0
"Denmark","DNK",2017,6.062149,1.089858,3.491075,1.16473,0.208067,0.042075,0.066344
"Denmark","DNK",2018,6.021652,1.103162,3.483738,1.123461,0.201111,0.040329,0.069852
"Denmark","DNK",2019,5.340941,0.619126,3.398762,1.038093,0.194828,0.033596,0.056536
"Denmark","DNK",2020,4.85475,0.539483,3.191264,0.822584,0.210613,0.021673,0.069133
"Denmark","DNK",2021,5.052228,0.747621,3.188446,0.816214,0.209584,0.021568,0.068796
"Djibouti","DJI",2017,0.376607,0,0.317006,0,0.059601,0,0
"Djibouti","DJI",2018,0.364031,0,0.298056,0,0.065975,0,0
"Djibouti","DJI",2019,0.365554,0,0.293395,0,0.072159,0,0
"Djibouti","DJI",2020,0.333262,0,0.262172,0,0.071089,0,0
"Djibouti","DJI",2021,0.342974,0,0.272875,0,0.070099,0,0
"Dominica","DMA",2017,2.289902,0,2.289902,0,0,0,0
"Dominica","DMA",2018,2.276323,0,2.276323,0,0,0,0
"Dominica","DMA",2019,2.359635,0,2.359635,0,0,0,0
"Dominica","DMA",2020,1.998795,0,1.998795,0,0,0,0
"Dominica","DMA",2021,2.189268,0,2.189268,0,0,0,0
"Dominican Republic","DOM",2017,2.255694,0.313891,1.544676,0.205819,0.191307,0,0
"Dominican Republic","DOM",2018,2.392473,0.30529,1.688794,0.202846,0.195543,0,0
"Dominican Republic","DOM",2019,2.605949,0.300005,1.879495,0.22694,0.199508,0,0
"Dominican Republic","DOM",2020,2.39824,0.404752,1.587534,0.208582,0.197372,0,0
"Dominican Republic","DOM",2021,2.601405,0.406918,1.730294,0.26892,0.195274,0,0
"Ecuador","ECU",2017,2.400172,0,2.05334,0.092157,0.134376,0.120299,0
"Ecuador","ECU",2018,2.247641,0,1.938409,0.079888,0.133481,0.095864,0
"Ecuador","ECU",2019,2.321556,0,2.009458,0.069933,0.142551,0.099614,0
"Ecuador","ECU",2020,1.95908,0,1.649169,0.058576,0.140567,0.110769,0
"Ecuador","ECU",2021,2.321741,0,1.994683,0.057668,0.138915,0.130475,0
"Egypt","EGY",2017,2.55538,0.063929,1.169435,1.065011,0.213869,0.043137,0
"Egypt","EGY",2018,2.351129,0.125382,0.992247,0.989951,0.202449,0.0411,0
"Egypt","EGY",2019,2.425141,0.095851,0.960659,1.141086,0.18623,0.041315,0
"Egypt","EGY",2020,2.194384,0.035862,0.840884,1.107604,0.168749,0.041284,0
"Egypt","EGY",2021,2.284635,0.057004,0.88788,1.156058,0.147861,0.035831,0
"El Salvador","SLV",2017,0.952614,0.000584,0.896351,0,0.055678,0,0
"El Salvador","SLV",2018,1.021224,0.000584,0.953312,0,0.067328,0,0
"El Salvador","SLV",2019,1.181957,0.000583,1.108532,0,0.072842,0,0
"El Salvador","SLV",2020,1.033093,0.000539,0.959856,0,0.072698,0,0
"El Salvador","SLV",2021,1.140987,0.000713,1.067824,0,0.072451,0,0
"Equatorial Guinea","GNQ",2017,5.419565,0,0.785489,4.238104,0,0.395972,0
"Equatorial Guinea","GNQ",2018,4.000059,0,0.722023,2.866138,0,0.411898,0
"Equatorial Guinea","GNQ",2019,2.986403,0,0.719574,1.922795,0,0.344034,0
"Equatorial Guinea","GNQ",2020,3.125917,0,0.660337,1.956264,0,0.509316,0
"Equatorial Guinea","GNQ",2021,3.196633,0,0.684107,2.219633,0,0.292893,0
"Eritrea","ERI",2017,0.20732,0,0.183365,0,0.023955,0,0
"Eritrea","ERI",2018,0.240992,0,0.209501,0,0.031491,0,0
"Eritrea","ERI",2019,0.24451,0,0.2135,0,0.03101,0,0
"Eritrea","ERI",2020,0.220239,0,0.189726,0,0.030512,0,0
"Eritrea","ERI",2021,0.226666,0,0.196696,0,0.029969,0,0
"Estonia","EST",2017,14.240447,10.532481,2.710959,0.700239,0.23283,0.000024,0.063915
"Estonia","EST",2018,13.565103,9.87993,2.64972,0.746268,0.225211,0.000026,0.063948
"Estonia","EST",2019,9.329183,5.859459,2.498305,0.689046,0.222665,0.000024,0.059684
"Estonia","EST",2020,7.027757,4.013374,2.340689,0.608951,0.015135,0.000021,0.049588
"Estonia","EST",2021,7.864087,4.682493,2.428487,0.688327,0.015144,0.000021,0.049616
"Ethiopia","ETH",2017,0.143705,0.014257,0.097189,0,0.032232,0.000027,0
"Ethiopia","ETH",2018,0.142249,0.010025,0.099726,0,0.032428,0.00007,0
"Ethiopia","ETH",2019,0.160337,0.010565,0.115478,0,0.034294,0,0
"Ethiopia","ETH",2020,0.14541,0.010037,0.101977,0,0.033396,0,0
"Ethiopia","ETH",2021,0.147922,0.010513,0.104873,0,0.032537,0,0
"Faeroe Islands","FRO",2017,14.07828,0,14.07828,0,0,0,0
"Faeroe Islands","FRO",2018,14.237504,0,14.237504,0,0,0,0
"Faeroe Islands","FRO",2019,14.321085,0,14.321085,0,0,0,0
"Faeroe Islands","FRO",2020,13.205626,0,13.205626,0,0,0,0
"Faeroe Islands","FRO",2021,13.203997,0,13.203997,0,0,0,0
"Fiji","FJI",2017,1.423309,0,1.423309,0,0,0,0
"Fiji","FJI",2018,1.475019,0,1.475019,0,0,0,0
"Fiji","FJI",2019,1.479862,0,1.479862,0,0,0,0
"Fiji","FJI",2020,1.554512,0,1.554512,0,0,0,0
"Fiji","FJI",2021,1.590295,0,1.590295,0,0,0,0
"Finland","FIN",2017,8.093076,3.102142,4.017097,0.705554,0.109594,0.026613,0.132076
"Finland","FIN",2018,8.303288,3.249484,4.007055,0.799873,0.10909,0.01646,0.121326
"Finland","FIN",2019,7.675732,2.762942,3.908552,0.780621,0.105674,0.011798,0.106145
"Finland","FIN",2020,6.799194,2.14699,3.642148,0.788731,0.103024,0.013806,0.104496
"Finland","FIN",2021,6.792338,2.22024,3.581235,0.770695,0.102902,0.013685,0.10358
"France","FRA",2017,5.26093,0.620315,3.050226,1.389643,0.09808,0.043903,0.058762
"France","FRA",2018,5.017701,0.543988,2.945701,1.318802,0.101048,0.045199,0.062963
"France","FRA",2019,4.912857,0.454883,2.914578,1.340943,0.102304,0.038896,0.061252
"France","FRA",2020,4.342917,0.369525,2.550423,1.241329,0.092963,0.033048,0.055629
"France","FRA",2021,4.741312,0.4475,2.785402,1.326183,0.092889,0.033295,0.056044
"French Equatorial Africa","FEA",2017,0,0,0,0,0,0,0
"French Equatorial Africa","FEA",2018,0,0,0,0,0,0,0
"French Equatorial Africa","FEA",2019,0,0,0,0,0,0,0
"French Equatorial Africa","FEA",2020,0,0,0,0,0,0,0
"French Equatorial Africa","FEA",2021,0,0,0,0,0,0,0
"French Guiana","GUF",2017,2.624126,0,2.624126,0,0,0,0
"French Guiana","GUF",2018,2.540156,0,2.540156,0,0,0,0
"French Guiana","GUF",2019,2.534249,0,2.534249,0,0,0,0
"French Guiana","GUF",2020,2.238665,0,2.238665,0,0,0,0
"French Guiana","GUF",2021,2.189895,0,2.189895,0,0,0,0
"French Polynesia","PYF",2017,2.914334,0,2.914334,0,0,0,0
"French Polynesia","PYF",2018,2.942468,0,2.942468,0,0,0,0
"French Polynesia","PYF",2019,2.921743,0,2.921743,0,0,0,0
"French Polynesia","PYF",2020,3.061156,0,3.061156,0,0,0,0
"French Polynesia","PYF",2021,3.124014,0,3.124014,0,0,0,0
"French West Africa","FWA",2017,0,0,0,0,0,0,0
"French West Africa","FWA",2018,0,0,0,0,0,0,0
"French West Africa","FWA",2019,0,0,0,0,0,0,0
"French West Africa","FWA",2020,0,0,0,0,0,0,0
"French West Africa","FWA",2021,0,0,0,0,0,0,0
"Gabon","GAB",2017,2.937002,0,1.127357,0.422545,0.06699,1.320111,0
"Gabon","GAB",2018,2.733583,0,1.08649,0.401166,0.08662,1.159307,0
"Gabon","GAB",2019,2.557201,0,0.832518,0.40973,0.093298,1.221656,0
"Gabon","GAB",2020,2.483156,0,0.768704,0.419437,0.091271,1.203744,0
"Gabon","GAB",2021,2.44,0,0.798612,0.477242,0.089376,1.07477,0
"Gambia","GMB",2017,0.249275,0,0.249275,0,0,0,0
"Gambia","GMB",2018,0.242776,0,0.242776,0,0,0,0
"Gambia","GMB",2019,0.239507,0,0.239507,0,0,0,0
"Gambia","GMB",2020,0.238482,0,0.238482,0,0,0,0
"Gambia","GMB",2021,0.248379,0,0.248379,0,0,0,0
"Georgia","GEO",2017,2.696924,0.30696,0.935452,1.246298,0.208213,0,0
"Georgia","GEO",2018,2.667462,0.320524,0.906208,1.24033,0.2004,0,0
"Georgia","GEO",2019,2.895975,0.258465,0.951269,1.406013,0.280227,0,0
"Georgia","GEO",2020,2.838778,0.266031,0.890791,1.400091,0.280592,0.001273,0
"Georgia","GEO",2021,2.929711,0.140289,0.900633,1.606986,0.281184,0.00062,0
"Germany","DEU",2017,9.50829,3.761154,3.378917,2.074596,0.162278,0.027436,0.103908
"Germany","DEU",2018,9.100585,3.566771,3.199455,2.045299,0.159571,0.024217,0.105272
"Germany","DEU",2019,8.504699,2.887455,3.258166,2.074357,0.159795,0.024395,0.100533
"Germany","DEU",2020,7.672972,2.368416,3.016765,2.011642,0.160298,0.02178,0.094072
"Germany","DEU",2021,8.089741,2.760161,2.975721,2.079931,0.158664,0.02167,0.093593
"Ghana","GHA",2017,0.461363,0,0.312665,0.078075,0.050516,0.020106,0
"Ghana","GHA",2018,0.554085,0,0.370628,0.109455,0.062635,0.011367,0
"Ghana","GHA",2019,0.593436,0,0.381327,0.130209,0.073633,0.008267,0
"Ghana","GHA",2020,0.610755,0,0.381506,0.136483,0.072127,0.020639,0
"Ghana","GHA",2021,0.649127,0,0.399414,0.144707,0.070694,0.034312,0
"Global","WLD",2017,4.749682,1.908857,1.61091,0.940144,0.198416,0.051579,0.039776
"Global","WLD",2018,4.792753,1.919213,1.59635,0.979965,0.204225,0.053634,0.039366
"Global","WLD",2019,4.775633,1.896468,1.58992,0.984878,0.208309,0.056569,0.03949
"Global","WLD",2020,4.497423,1.80776,1.427353,0.963695,0.208844,0.051981,0.037789
"Global","WLD",2021,4.693699,1.893923,1.496614,1.001585,0.211472,0.052663,0.037443
"Greece","GRC",2017,6.999949,2.43348,3.2767,0.89187,0.344663,0.000721,0.052516
"Greece","GRC",2018,6.750697,2.337101,3.18252,0.853147,0.321582,0.001032,0.055314
"Greece","GRC",2019,6.218657,1.690381,3.210075,0.945541,0.31778,0.000855,0.054025
"Greece","GRC",2020,5.290054,0.963556,2.955721,1.050424,0.283268,0.000492,0.036593
"Greece","GRC",2021,5.390839,0.935858,2.96915,1.163427,0.285082,0.000495,0.036827
"Greenland","GRL",2017,9.69107,0,9.69107,0,0,0,0
"Greenland","GRL",2018,9.79816,0,9.79816,0,0,0,0
"Greenland","GRL",2019,9.898558,0,9.898558,0,0,0,0
"Greenland","GRL",2020,8.932951,0,8.932951,0,0,0,0
"Greenland","GRL",2021,9.079509,0,9.079509,0,0,0,0
"Grenada","GRD",2017,2.302859,0,2.302859,0,0,0,0
"Grenada","GRD",2018,2.526108,0,2.526108,0,0,0,0
"Grenada","GRD",2019,2.687005,0,2.687005,0,0,0,0
"Grenada","GRD",2020,2.312416,0,2.312416,0,0,0,0
"Grenada","GRD",2021,2.56167,0,2.56167,0,0,0,0
"Guadeloupe","GLP",2017,6.261727,1.145937,5.11579,0,0,0,0
"Guadeloupe","GLP",2018,6.237435,1.141491,5.095943,0,0,0,0
"Guadeloupe","GLP",2019,6.402505,1.1717,5.230805,0,0,0,0
"Guadeloupe","GLP",2020,5.79076,1.059747,4.731013,0,0,0,0
"Guadeloupe","GLP",2021,5.78478,1.058653,4.726128,0,0,0,0
"Guatemala","GTM",2017,1.044744,0.235814,0.72048,0,0.080442,0.008008,0
"Guatemala","GTM",2018,1.109233,0.274145,0.747431,0,0.080987,0.00667,0
"Guatemala","GTM",2019,1.155212,0.263667,0.804068,0,0.080681,0.006796,0
"Guatemala","GTM",2020,1.013412,0.240423,0.686973,0,0.079489,0.006526,0
"Guatemala","GTM",2021,1.154393,0.314538,0.756146,0,0.07838,0.005329,0
"Guinea","GIN",2017,0.264605,0,0.264605,0,0,0,0
"Guinea","GIN",2018,0.29359,0,0.29359,0,0,0,0
"Guinea","GIN",2019,0.34431,0,0.34431,0,0,0,0
"Guinea","GIN",2020,0.343257,0,0.343257,0,0,0,0
"Guinea","GIN",2021,0.357805,0,0.357805,0,0,0,0
"Guinea-Bissau","GNB",2017,0.161777,0,0.161777,0,0,0,0
"Guinea-Bissau","GNB",2018,0.161791,0,0.161791,0,0,0,0
"Guinea-Bissau","GNB",2019,0.163633,0,0.163633,0,0,0,0
"Guinea-Bissau","GNB",2020,0.163398,0,0.163398,0,0,0,0
"Guinea-Bissau","GNB",2021,0.170736,0,0.170736,0,0,0,0
"Guyana","GUY",2017,3.038953,0,2.832302,0,0.206651,0,0
"Guyana","GUY",2018,3.158419,0,2.952604,0,0.205814,0,0
"Guyana","GUY",2019,3.417995,0,3.215592,0,0.202403,0,0
"Guyana","GUY",2020,4.002705,0,3.137406,0,0.202797,0.662503,0
"Guyana","GUY",2021,3.837874,0,3.329849,0,0.200941,0.307084,0
"Haiti","HTI",2017,0.285397,0,0.27826,0,0.007137,0,0
"Haiti","HTI",2018,0.306145,0,0.299104,0,0.007041,0,0
"Haiti","HTI",2019,0.273529,0,0.266582,0,0.006947,0,0
"Haiti","HTI",2020,0.231519,0,0.224662,0,0.006858,0,0
"Haiti","HTI",2021,0.251226,0,0.244452,0,0.006773,0,0
"Honduras","HND",2017,1.062808,0.00038,0.967903,0,0.094525,0,0
"Honduras","HND",2018,1.006986,0,0.921879,0,0.085107,0,0
"Honduras","HND",2019,1.127857,0,1.049293,0,0.078565,0,0
"Honduras","HND",2020,0.972575,0,0.895275,0,0.0773,0,0
"Honduras","HND",2021,1.060269,0,0.984147,0,0.076122,0,0
"Hong Kong","HKG",2017,5.686667,3.18546,1.587083,0.833317,0.080808,0,0
"Hong Kong","HKG",2018,5.694087,3.262633,1.537777,0.810026,0.083652,0,0
"Hong Kong","HKG",2019,5.589583,3.118944,1.550429,0.838757,0.081453,0,0
"Hong Kong","HKG",2020,4.200104,1.660352,1.128397,1.329956,0.0814,0,0
"Hong Kong","HKG",2021,4.224972,1.845824,0.998571,1.299107,0.08147,0,0
"Hungary","HUN",2017,5.058282,1.026428,1.784948,2.092773,0.080001,0.014562,0.05957
"Hungary","HUN",2018,5.059483,0.966311,1.898428,2.030007,0.090196,0.015057,0.059484
"Hungary","HUN",2019,5.038444,0.837731,1.981575,2.043535,0.104675,0.015294,0.055634
"Hungary","HUN",2020,4.849407,0.763083,1.781729,2.142995,0.095255,0.016623,0.049722
"Hungary","HUN",2021,4.990287,0.658229,1.892456,2.277324,0.095655,0.016692,0.049931
"Iceland","ISL",2017,10.481037,2.017334,8.02785,0.000139,0,0.426266,0.009448
"Iceland","ISL",2018,10.366893,2.025887,7.886053,0.00009,0,0.443303,0.011561
"Iceland","ISL",2019,9.829598,1.895957,7.462608,0.00063,0,0.4521,0.018302
"Iceland","ISL",2020,9.078694,1.820641,6.76371,0.000547,0,0.476923,0.016873
"Iceland","ISL",2021,9.113272,1.802619,6.821205,0.000541,0,0.472201,0.016706
"India","IND",2017,1.798018,1.152705,0.466024,0.087817,0.089387,0.002085,0
"India","IND",2018,1.899518,1.225417,0.478589,0.092185,0.101508,0.001819,0
"India","IND",2019,1.898949,1.212956,0.487315,0.093034,0.10387,0.001774,0
"India","IND",2020,1.750956,1.137264,0.43226,0.091404,0.088019,0.002009,0
"India","IND",2021,1.925088,1.280448,0.442003,0.09481,0.105858,0.001969,0
"Indonesia","IDN",2017,2.14464,0.835895,0.863786,0.318862,0.109511,0.016586,0
"Indonesia","IDN",2018,2.260322,0.98186,0.833157,0.315082,0.115447,0.014777,0
"Indonesia","IDN",2019,2.446134,1.169958,0.824181,0.326098,0.111862,0.014035,0
"Indonesia","IDN",2020,2.243032,1.105422,0.745165,0.275735,0.103743,0.012966,0
"Indonesia","IDN",2021,2.262175,1.107397,0.768025,0.270637,0.10461,0.011504,0
"International Transport","XIT",2017,0,0,0,0,0,0,0
"International Transport","XIT",2018,0,0,0,0,0,0,0
"International Transport","XIT",2019,0,0,0,0,0,0,0
"International Transport","XIT",2020,0,0,0,0,0,0,0
"International Transport","XIT",2021,0,0,0,0,0,0,0
"Iran","IRN",2017,8.110771,0.055715,2.71059,4.727577,0.223773,0.393116,0
"Iran","IRN",2018,8.186843,0.057474,2.749319,4.778185,0.222983,0.378882,0
"Iran","IRN",2019,8.120656,0.043089,2.650078,4.886201,0.241355,0.299933,0
"Iran","IRN",2020,8.362657,0.042848,2.562442,5.198539,0.273285,0.285543,0
"Iran","IRN",2021,8.517397,0.042423,2.535864,5.311369,0.256188,0.371554,0
"Iraq","IRQ",2017,5.343389,0,3.896932,0.485221,0.114595,0.846641,0
"Iraq","IRQ",2018,5.258128,0,3.56365,0.751112,0.120463,0.822903,0
"Iraq","IRQ",2019,4.502709,0,2.742125,0.824242,0.126046,0.810296,0
"Iraq","IRQ",2020,4.077052,0,2.422963,0.763479,0.123104,0.767506,0
"Iraq","IRQ",2021,4.262931,0,2.683748,0.690132,0.120342,0.768708,0
"Ireland","IRL",2017,8.189277,1.649198,3.914479,2.127395,0.385512,0.000998,0.111696
"Ireland","IRL",2018,8.069565,1.314335,4.034278,2.192292,0.396326,0.000042,0.132291
"Ireland","IRL",2019,7.623676,0.927961,3.991934,2.213208,0.386559,0.000058,0.103956
"Ireland","IRL",2020,7.107229,0.759739,3.666845,2.214222,0.357784,0.000068,0.108571
"Ireland","IRL",2021,7.528353,1.261978,3.697733,2.105999,0.354884,0.000067,0.107691
"Israel","ISR",2017,7.081456,2.266644,2.566952,2.00867,0.238579,0.000611,0
"Israel","ISR",2018,7.125529,2.143984,2.657448,2.114086,0.209956,0.000056,0
"Israel","ISR",2019,6.812936,2.092518,2.46752,2.08741,0.165489,0,0
"Israel","ISR",2020,6.281264,1.792894,2.17364,2.152067,0.162663,0,0
"Israel","ISR",2021,6.126761,1.57791,2.203413,2.185248,0.160057,0.000133,0
"Italy","ITA",2017,5.878528,0.700615,2.479459,2.479136,0.128516,0.039185,0.051615
"Italy","ITA",2018,5.828658,0.658418,2.550184,2.39943,0.129543,0.038331,0.052752
"Italy","ITA",2019,5.679641,0.513293,2.479841,2.457116,0.132459,0.046148,0.050784
"Italy","ITA",2020,5.080263,0.37428,2.139199,2.366376,0.118641,0.035504,0.046263
"Italy","ITA",2021,5.548371,0.405125,2.393763,2.548195,0.119162,0.03566,0.046466
"Jamaica","JAM",2017,2.776532,0.076975,2.499745,0.071757,0.128055,0,0
"Jamaica","JAM",2018,2.875856,0.082093,2.613946,0.066456,0.113361,0,0
"Jamaica","JAM",2019,2.7804,0.095103,2.398419,0.168059,0.11882,0,0
"Jamaica","JAM",2020,2.461857,0.129329,2.041974,0.155693,0.134861,0,0
"Jamaica","JAM",2021,2.719439,0.131081,2.243742,0.202368,0.142247,0,0
"Japan","JPN",2017,9.382092,3.619716,3.543649,1.939742,0.208655,0.003443,0.066887
"Japan","JPN",2018,9.056307,3.500543,3.42567,1.853009,0.20738,0.003354,0.066352
"Japan","JPN",2019,8.792438,3.436238,3.305946,1.782551,0.201349,0.002933,0.063421
"Japan","JPN",2020,8.321498,3.188692,3.096795,1.777359,0.195539,0.002751,0.060362
"Japan","JPN",2021,8.565739,3.360982,3.17271,1.777711,0.190903,0.002765,0.060669
"Jordan","JOR",2017,2.489242,0.056671,1.486348,0.786215,0.160008,0,0
"Jordan","JOR",2018,2.386223,0.075663,1.402216,0.752075,0.156268,0,0
"Jordan","JOR",2019,2.460867,0.073289,1.488041,0.734603,0.164859,0.000076,0
"Jordan","JOR",2020,2.282258,0.05646,1.346317,0.718054,0.161388,0.000038,0
"Jordan","JOR",2021,2.295755,0.048664,1.352621,0.736172,0.15821,0.000088,0
"Kazakhstan","KAZ",2017,17.515408,10.262832,2.464462,3.426252,0.208424,0.973016,0.180423
"Kazakhstan","KAZ",2018,17.899392,10.291659,2.640337,3.699082,0.209879,0.904091,0.154344
"Kazakhstan","KAZ",2019,15.866768,9.392327,2.61598,2.689467,0.202629,0.783724,0.182641
"Kazakhstan","KAZ",2020,14.668899,9.537287,2.111182,1.697027,0.234369,0.887491,0.201543
"Kazakhstan","KAZ",2021,14.413251,9.419363,2.227889,1.457571,0.231717,0.877448,0.199262
"Kenya","KEN",2017,0.347682,0.025082,0.273279,0,0.049321,0,0
"Kenya","KEN",2018,0.363723,0.036814,0.280135,0,0.046775,0,0
"Kenya","KEN",2019,0.376382,0.031863,0.299138,0,0.045381,0,0
"Kenya","KEN",2020,0.351555,0.030467,0.265877,0,0.05521,0,0
"Kenya","KEN",2021,0.374968,0.032122,0.275241,0,0.067605,0,0
"Kiribati","KIR",2017,0.547947,0,0.547947,0,0,0,0
"Kiribati","KIR",2018,0.539436,0,0.539436,0,0,0,0
"Kiribati","KIR",2019,0.530839,0,0.530839,0,0,0,0
"Kiribati","KIR",2020,0.550413,0,0.550413,0,0,0,0
"Kiribati","KIR",2021,0.555062,0,0.555062,0,0,0,0
"Kosovo","KSV",2017,4.673982,3.235183,1.250486,0,0.188313,0,0
"Kosovo","KSV",2018,4.765449,3.312672,1.257787,0,0.194989,0,0
"Kosovo","KSV",2019,5.037064,3.523773,1.3244,0,0.18889,0,0
"Kosovo","KSV",2020,5.100729,3.658821,1.251109,0,0.190799,0,0
"Kosovo","KSV",2021,3.396106,1.935442,1.268866,0,0.191797,0,0
"Kuwait","KWT",2017,23.258194,0,12.353963,10.255886,0.287883,0.360462,0
"Kuwait","KWT",2018,22.47887,0,11.995994,9.836817,0.266971,0.379089,0
"Kuwait","KWT",2019,23.49882,0,12.49659,10.417538,0.27525,0.309442,0
"Kuwait","KWT",2020,22.882707,0,12.187947,10.095835,0.280342,0.318584,0
"Kuwait","KWT",2021,24.972098,0,12.643539,11.721402,0.287619,0.319538,0
"Kuwaiti Oil Fires","KOF",2017,0,0,0,0,0,0,0
"Kuwaiti Oil Fires","KOF",2018,0,0,0,0,0,0,0
"Kuwaiti Oil Fires","KOF",2019,0,0,0,0,0,0,0
"Kuwaiti Oil Fires","KOF",2020,0,0,0,0,0,0,0
"Kuwaiti Oil Fires","KOF",2021,0,0,0,0,0,0,0
"Kyrgyzstan","KGZ",2017,1.527148,0.553677,0.782929,0.094574,0.095969,0,0
"Kyrgyzstan","KGZ",2018,1.784292,0.649377,0.910776,0.103029,0.121111,0,0
"Kyrgyzstan","KGZ",2019,1.428019,0.501192,0.705145,0.097921,0.12376,0,0
"Kyrgyzstan","KGZ",2020,1.321225,0.486429,0.611259,0.101726,0.12181,0,0
"Kyrgyzstan","KGZ",2021,1.425929,0.551421,0.648636,0.105982,0.119891,0,0
"Laos","LAO",2017,2.812815,2.139492,0.458575,0,0.214748,0,0
"Laos","LAO",2018,2.893468,2.169905,0.465753,0,0.25781,0,0
"Laos","LAO",2019,2.71714,1.969665,0.463331,0,0.284144,0,0
"Laos","LAO",2020,2.79911,2.037298,0.481836,0,0.279976,0,0
"Laos","LAO",2021,2.798295,2.03418,0.488123,0,0.275992,0,0
"Latvia","LVA",2017,3.69077,0.085557,2.187689,1.176229,0.223584,0.000008,0.017702
"Latvia","LVA",2018,4.060364,0.101795,2.253832,1.396823,0.284627,0.000005,0.023282
"Latvia","LVA",2019,3.990844,0.086722,2.253323,1.329665,0.292952,0.000005,0.028177
"Latvia","LVA",2020,3.686832,0.051935,2.19821,1.108575,0.290362,0.000006,0.037745
"Latvia","LVA",2021,3.87755,0.073149,2.260398,1.21184,0.293946,0.000006,0.038211
"Lebanon","LBN",2017,4.558052,0.102557,4.084871,0,0.370625,0,0
"Lebanon","LBN",2018,4.40322,0.105287,3.946711,0,0.351223,0,0
"Lebanon","LBN",2019,4.566017,0.108363,4.088639,0,0.369016,0,0
"Lebanon","LBN",2020,4.321999,0.087067,3.858163,0,0.376769,0,0
"Lebanon","LBN",2021,4.462819,0.077514,4.0038,0,0.381504,0,0
"Leeward Islands","LEI",2017,0,0,0,0,0,0,0
"Leeward Islands","LEI",2018,0,0,0,0,0,0,0
"Leeward Islands","LEI",2019,0,0,0,0,0,0,0
"Leeward Islands","LEI",2020,0,0,0,0,0,0,0
"Leeward Islands","LEI",2021,0,0,0,0,0,0,0
"Lesotho","LSO",2017,1.157968,0.855816,0.302152,0,0,0,0
"Lesotho","LSO",2018,1.078521,0.765133,0.313388,0,0,0,0
"Lesotho","LSO",2019,1.073337,0.750677,0.32266,0,0,0,0
"Lesotho","LSO",2020,0.970695,0.666222,0.304474,0,0,0,0
"Lesotho","LSO",2021,1.000312,0.693505,0.306806,0,0,0,0
"Liberia","LBR",2017,0.256004,0,0.23298,0,0.023024,0,0
"Liberia","LBR",2018,0.221222,0,0.196337,0,0.024885,0,0
"Liberia","LBR",2019,0.221927,0,0.1955,0,0.026427,0,0
"Liberia","LBR",2020,0.221595,0,0.195699,0,0.025896,0,0
"Liberia","LBR",2021,0.230149,0,0.204781,0,0.025368,0,0
"Libya","LBY",2017,8.377991,0,4.106752,2.845831,0.273385,1.152023,0
"Libya","LBY",2018,8.338612,0,4.003492,2.70708,0.269184,1.358856,0
"Libya","LBY",2019,10.540809,0,6.410938,2.415675,0.247747,1.466449,0
"Libya","LBY",2020,8.801572,0,5.56184,2.296229,0.244587,0.698915,0
"Libya","LBY",2021,11.064887,0,6.581704,2.567193,0.241634,1.674357,0
"Liechtenstein","LIE",2017,4.111204,0,2.699679,1.411515,0,0.00001,0
"Liechtenstein","LIE",2018,3.744019,0,2.443381,1.300629,0,0.00001,0
"Liechtenstein","LIE",2019,3.872608,0,2.565594,1.307004,0,0.00001,0
"Liechtenstein","LIE",2020,3.663848,0,2.411888,1.251954,0,0.000006,0
"Liechtenstein","LIE",2021,3.866656,0,2.443113,1.423536,0,0.000006,0
"Lithuania","LTU",2017,4.672772,0.275797,2.673033,1.473099,0.155056,0.0772,0.018587
"Lithuania","LTU",2018,4.760341,0.298627,2.80893,1.373054,0.177784,0.088173,0.013774
"Lithuania","LTU",2019,4.886943,0.281089,2.875572,1.43243,0.202892,0.082111,0.01285
"Lithuania","LTU",2020,4.841086,0.220404,2.84417,1.50416,0.197387,0.064395,0.01057
"Lithuania","LTU",2021,4.981189,0.262508,3.006061,1.436983,0.199768,0.065172,0.010698
"Luxembourg","LUX",2017,15.531547,0.473888,11.528339,2.778724,0.621683,0.00007,0.128843
"Luxembourg","LUX",2018,15.736909,0.439529,11.915452,2.646612,0.607804,0.000067,0.127445
"Luxembourg","LUX",2019,15.729279,0.442609,11.929398,2.593754,0.636791,0.000066,0.126662
"Luxembourg","LUX",2020,12.843474,0.376735,9.42457,2.330852,0.633154,0.000059,0.078105
"Luxembourg","LUX",2021,13.067857,0.327207,9.581352,2.457908,0.624318,0.000058,0.077015
"Macao","MAC",2017,3.017909,0,2.491064,0.526846,0,0,0
"Macao","MAC",2018,1.908008,0,1.63303,0.274978,0,0,0
"Macao","MAC",2019,1.827437,0,1.44097,0.386467,0,0,0
"Macao","MAC",2020,1.880563,0,1.492421,0.388142,0,0,0
"Macao","MAC",2021,1.874101,0,1.51066,0.363442,0,0,0
"Madagascar","MDG",2017,0.157393,0.055724,0.098707,0,0.002961,0,0
"Madagascar","MDG",2018,0.142377,0.046267,0.093079,0,0.003031,0,0
"Madagascar","MDG",2019,0.156139,0.050878,0.102023,0,0.003237,0,0
"Madagascar","MDG",2020,0.141738,0.048388,0.090192,0,0.003158,0,0
"Madagascar","MDG",2021,0.146784,0.050775,0.092927,0,0.003082,0,0
"Malawi","MWI",2017,0.076073,0.011711,0.059789,0,0.004572,0,0
"Malawi","MWI",2018,0.085484,0.012767,0.067823,0,0.004894,0,0
"Malawi","MWI",2019,0.084429,0.011431,0.068007,0,0.004991,0,0
"Malawi","MWI",2020,0.075946,0.010886,0.0602,0,0.004859,0,0
"Malawi","MWI",2021,0.07804,0.011401,0.061905,0,0.004734,0,0
"Malaysia","MYS",2017,7.762197,2.458378,2.541684,2.202502,0.393465,0.166167,0
"Malaysia","MYS",2018,8.243608,2.597201,2.558412,2.600707,0.363362,0.123926,0
"Malaysia","MYS",2019,8.204961,2.593079,2.412136,2.752243,0.329156,0.118348,0
"Malaysia","MYS",2020,7.815705,2.848153,2.124009,2.304511,0.402669,0.136364,0
"Malaysia","MYS",2021,7.626434,2.555403,2.117796,2.44245,0.398683,0.112102,0
"Maldives","MDV",2017,3.203001,0,3.203001,0,0,0,0
"Maldives","MDV",2018,3.553592,0,3.553592,0,0,0,0
"Maldives","MDV",2019,3.870924,0,3.870924,0,0,0,0
"Maldives","MDV",2020,4.006578,0,4.006578,0,0,0,0
"Maldives","MDV",2021,4.06203,0,4.06203,0,0,0,0
"Mali","MLI",2017,0.183824,0,0.17038,0,0.013444,0,0
"Mali","MLI",2018,0.184337,0,0.170924,0,0.013413,0,0
"Mali","MLI",2019,0.187366,0,0.168526,0,0.01884,0,0
"Mali","MLI",2020,0.18509,0,0.166833,0,0.018257,0,0
"Mali","MLI",2021,0.190357,0,0.172667,0,0.01769,0,0
"Malta","MLT",2017,3.192676,0.000025,2.040123,1.15192,0,0,0.000608
"Malta","MLT",2018,3.146851,0.000024,1.76162,1.384791,0,0,0.000415
"Malta","MLT",2019,3.274579,0.000022,1.868084,1.40611,0,0,0.000363
"Malta","MLT",2020,3.103816,0,1.674806,1.42864,0,0,0.00037
"Malta","MLT",2021,3.273205,0,1.671925,1.600917,0,0,0.000362
"Marshall Islands","MHL",2017,3.10594,0,3.10594,0,0,0,0
"Marshall Islands","MHL",2018,3.186849,0,3.186849,0,0,0,0
"Marshall Islands","MHL",2019,3.276695,0,3.276695,0,0,0,0
"Marshall Islands","MHL",2020,3.563031,0,3.563031,0,0,0,0
"Marshall Islands","MHL",2021,3.780319,0,3.780319,0,0,0,0
"Martinique","MTQ",2017,6.037517,0,6.037517,0,0,0,0
"Martinique","MTQ",2018,6.044394,0,6.044394,0,0,0,0
"Martinique","MTQ",2019,6.235374,0,6.235374,0,0,0,0
"Martinique","MTQ",2020,5.670077,0,5.670077,0,0,0,0
"Martinique","MTQ",2021,5.6946,0,5.6946,0,0,0,0
"Mauritania","MRT",2017,0.822094,0,0.804139,0,0,0.017955,0
"Mauritania","MRT",2018,0.858012,0,0.858012,0,0,0,0
"Mauritania","MRT",2019,0.860869,0,0.860869,0,0,0,0
"Mauritania","MRT",2020,0.856995,0,0.856995,0,0,0,0
"Mauritania","MRT",2021,0.892337,0,0.892337,0,0,0,0
"Mauritius","MUS",2017,3.503428,1.378166,2.125262,0,0,0,0
"Mauritius","MUS",2018,3.484726,1.309601,2.175125,0,0,0,0
"Mauritius","MUS",2019,3.487965,1.204111,2.283854,0,0,0,0
"Mauritius","MUS",2020,3.242612,1.17356,2.069052,0,0,0,0
"Mauritius","MUS",2021,3.442622,1.26051,2.182113,0,0,0,0
"Mayotte","MYT",2017,1.091959,0,1.091959,0,0,0,0
"Mayotte","MYT",2018,1.041943,0,1.041943,0,0,0,0
"Mayotte","MYT",2019,1.02561,0,1.02561,0,0,0,0
"Mayotte","MYT",2020,0.894282,0,0.894282,0,0,0,0
"Mayotte","MYT",2021,0.864775,0,0.864775,0,0,0,0
"Mexico","MEX",2017,3.79049,0.395067,2.001313,1.16617,0.169953,0.057988,0
"Mexico","MEX",2018,3.832385,0.381516,1.885479,1.337801,0.168238,0.059352,0
"Mexico","MEX",2019,3.774956,0.361897,1.933857,1.255934,0.155875,0.067393,0
"Mexico","MEX",2020,3.108821,0.15882,1.513339,1.186719,0.163894,0.086049,0
"Mexico","MEX",2021,3.213801,0.1528,1.544653,1.24346,0.176309,0.096579,0
"Micronesia (Federated States of)","FSM",2017,1.293996,0,1.293996,0,0,0,0
"Micronesia (Federated States of)","FSM",2018,1.288175,0,1.288175,0,0,0,0
"Micronesia (Federated States of)","FSM",2019,1.315867,0,1.315867,0,0,0,0
"Micronesia (Federated States of)","FSM",2020,1.379782,0,1.379782,0,0,0,0
"Micronesia (Federated States of)","FSM",2021,1.405118,0,1.405118,0,0,0,0
"Moldova","MDA",2017,1.641409,0.126722,0.802957,0.5426,0.16913,0,0
"Moldova","MDA",2018,1.733206,0.097961,0.848991,0.597093,0.189161,0,0
"Moldova","MDA",2019,1.765776,0.117912,0.885523,0.557726,0.204615,0,0
"Moldova","MDA",2020,1.701957,0.117121,0.785608,0.592979,0.20625,0,0
"Moldova","MDA",2021,1.829658,0.135924,0.85345,0.632462,0.207822,0,0
"Mongolia","MNG",2017,11.025526,9.712723,1.21409,0,0.096752,0.001961,0
"Mongolia","MNG",2018,14.322303,12.940998,1.249516,0,0.131,0.00079,0
"Mongolia","MNG",2019,14.618885,12.919646,1.548498,0,0.150741,0,0
"Mongolia","MNG",2020,15.057725,13.306289,1.603476,0,0.147909,0.000051,0
"Mongolia","MNG",2021,15.029627,13.262538,1.621541,0,0.145547,0,0
"Montenegro","MNE",2017,3.325442,1.900253,1.42519,0,0,0,0
"Montenegro","MNE",2018,3.800619,2.251359,1.54926,0,0,0,0
"Montenegro","MNE",2019,3.92906,2.307451,1.621609,0,0,0,0
"Montenegro","MNE",2020,3.89678,2.37699,1.51979,0,0,0,0
"Montenegro","MNE",2021,2.789458,1.253209,1.536249,0,0,0,0
"Montserrat","MSR",2017,6.237923,0,6.237923,0,0,0,0
"Montserrat","MSR",2018,6.724478,0,6.724478,0,0,0,0
"Montserrat","MSR",2019,4.879911,0,4.879911,0,0,0,0
"Montserrat","MSR",2020,4.171108,0,4.171108,0,0,0,0
"Montserrat","MSR",2021,4.681398,0,4.681398,0,0,0,0
"Morocco","MAR",2017,1.730239,0.475015,1.036659,0.066003,0.152562,0,0
"Morocco","MAR",2018,1.75381,0.543296,0.996229,0.058848,0.155438,0,0
"Morocco","MAR",2019,1.889785,0.695773,1.001069,0.055206,0.137738,0,0
"Morocco","MAR",2020,1.764036,0.691254,0.893866,0.042621,0.136295,0,0
"Morocco","MAR",2021,1.903564,0.751007,0.975242,0.042446,0.134869,0,0
"Mozambique","MOZ",2017,0.243243,0.000898,0.153257,0.05643,0.031874,0.000785,0
"Mozambique","MOZ",2018,0.240614,0.002118,0.151501,0.054944,0.031606,0.000445,0
"Mozambique","MOZ",2019,0.235981,0.001573,0.143847,0.057103,0.033394,0.000064,0
"Mozambique","MOZ",2020,0.213912,0.001491,0.126738,0.053235,0.032438,0.00001,0
"Mozambique","MOZ",2021,0.223094,0.001558,0.130027,0.059981,0.031529,0,0
"Myanmar","MMR",2017,0.451919,0.029711,0.219048,0.161869,0.039994,0.001297,0
"Myanmar","MMR",2018,0.660454,0.061716,0.396663,0.154115,0.047098,0.000862,0
"Myanmar","MMR",2019,0.652507,0.074122,0.371718,0.150456,0.0554,0.000812,0
"Myanmar","MMR",2020,0.675529,0.077251,0.389505,0.152879,0.055003,0.000891,0
"Myanmar","MMR",2021,0.674871,0.077701,0.397494,0.144323,0.054619,0.000734,0
"Namibia","NAM",2017,1.78308,0.03719,1.574358,0,0.171532,0,0
"Namibia","NAM",2018,1.727129,0.010661,1.515447,0,0.201021,0,0
"Namibia","NAM",2019,1.678645,0.020966,1.445147,0,0.212532,0,0
"Namibia","NAM",2020,1.584969,0.018523,1.357539,0,0.208907,0,0
"Namibia","NAM",2021,1.586792,0.019199,1.362075,0,0.205518,0,0
"Nauru","NRU",2017,4.704674,0,4.704674,0,0,0,0
"Nauru","NRU",2018,4.609192,0,4.609192,0,0,0,0
"Nauru","NRU",2019,4.530168,0,4.530168,0,0,0,0
"Nauru","NRU",2020,4.710166,0,4.710166,0,0,0,0
"Nauru","NRU",2021,4.764679,0,4.764679,0,0,0,0
"Nepal","NPL",2017,0.413276,0.106344,0.22569,0,0.081242,0,0
"Nepal","NPL",2018,0.520341,0.152181,0.247679,0,0.120481,0,0
"Nepal","NPL",2019,0.465736,0.118819,0.216415,0,0.130502,0,0
"Nepal","NPL",2020,0.475133,0.122534,0.224391,0,0.128207,0,0
"Nepal","NPL",2021,0.471885,0.121277,0.225331,0,0.125277,0,0
"Netherlands","NLD",2017,9.443372,2.094014,3.076221,4.110491,0.017317,0.064964,0.080364
"Netherlands","NLD",2018,9.176643,1.882014,3.10133,4.04123,0.012751,0.063705,0.075613
"Netherlands","NLD",2019,8.813598,1.457556,3.052419,4.173986,0.000365,0.061166,0.068105
"Netherlands","NLD",2020,7.906683,0.974772,2.762084,4.053271,0,0.053426,0.063131
"Netherlands","NLD",2021,8.058958,1.314206,2.738996,3.890066,0.000362,0.052863,0.062465
"New Caledonia","NCL",2017,18.797885,9.638409,9.019902,0,0.139574,0,0
"New Caledonia","NCL",2018,18.764537,8.765573,9.883762,0,0.115202,0,0
"New Caledonia","NCL",2019,17.936743,8.70504,9.128736,0,0.102967,0,0
"New Caledonia","NCL",2020,18.807735,9.105133,9.600004,0,0.102597,0,0
"New Caledonia","NCL",2021,19.097542,9.177665,9.817779,0,0.102099,0,0
"New Zealand","NZL",2017,7.519223,0.983785,4.290042,1.794636,0.0935,0.229472,0.127787
"New Zealand","NZL",2018,7.379218,1.084898,4.243848,1.632466,0.086383,0.205055,0.126569
"New Zealand","NZL",2019,7.485537,1.207043,4.216917,1.661642,0.082867,0.18409,0.132979
"New Zealand","NZL",2020,6.808111,1.137228,3.778624,1.550426,0.074915,0.15426,0.112657
"New Zealand","NZL",2021,6.587061,1.316243,3.635653,1.297904,0.073914,0.152197,0.111151
"Nicaragua","NIC",2017,0.842725,0,0.796063,0,0.046662,0,0
"Nicaragua","NIC",2018,0.791088,0,0.750976,0,0.040112,0,0
"Nicaragua","NIC",2019,0.783219,0,0.748313,0,0.034906,0,0
"Nicaragua","NIC",2020,0.674517,0,0.640086,0,0.034431,0,0
"Nicaragua","NIC",2021,0.738594,0,0.704639,0,0.033955,0,0
"Niger","NER",2017,0.103578,0.015533,0.083743,0,0.000909,0.003392,0
"Niger","NER",2018,0.079402,0.014444,0.061345,0,0.000892,0.00272,0
"Niger","NER",2019,0.105301,0.013931,0.084682,0,0.004298,0.002391,0
"Niger","NER",2020,0.102384,0.012153,0.083216,0,0.00414,0.002874,0
"Niger","NER",2021,0.106876,0.013543,0.085654,0,0.00399,0.003689,0
"Nigeria","NGA",2017,0.582838,0.000701,0.302272,0.167525,0.038049,0.074291,0
"Nigeria","NGA",2018,0.530428,0.000646,0.244233,0.17309,0.041017,0.071441,0
"Nigeria","NGA",2019,0.626175,0.000721,0.337953,0.172671,0.043075,0.071755,0
"Nigeria","NGA",2020,0.624866,0.000638,0.336915,0.180351,0.042036,0.064926,0
"Nigeria","NGA",2021,0.641921,0.00072,0.351327,0.190456,0.041037,0.058381,0
"Niue","NIU",2017,3.920813,0,3.920813,0,0,0,0
"Niue","NIU",2018,5.825119,0,5.825119,0,0,0,0
"Niue","NIU",2019,5.72202,0,5.72202,0,0,0,0
"Niue","NIU",2020,5.97381,0,5.97381,0,0,0,0
"Niue","NIU",2021,6.154972,0,6.154972,0,0,0,0
"North Korea","PRK",2017,2.027557,1.810422,0.114884,0,0.102252,0,0
"North Korea","PRK",2018,1.857773,1.657494,0.113472,0,0.086807,0,0
"North Korea","PRK",2019,2.048663,1.842298,0.123332,0,0.083033,0,0
"North Korea","PRK",2020,2.139231,1.925678,0.129612,0,0.083941,0,0
"North Korea","PRK",2021,2.170811,1.942642,0.132663,0,0.095506,0,0
"North Macedonia","MKD",2017,3.553005,1.805995,1.360135,0.220328,0.166547,0,0
"North Macedonia","MKD",2018,3.326826,1.611377,1.342525,0.20294,0.169984,0,0
"North Macedonia","MKD",2019,3.781543,1.915035,1.462705,0.23743,0.166374,0,0
"North Macedonia","MKD",2020,3.149822,1.316388,1.395252,0.271563,0.166619,0,0
"North Macedonia","MKD",2021,3.257478,1.13805,1.608522,0.343675,0.167232,0,0
"Norway","NOR",2017,8.383308,0.690265,4.300647,2.937815,0.145147,0.209384,0.100049
"Norway","NOR",2018,8.356613,0.663891,4.369315,2.879533,0.137416,0.203113,0.103345
"Norway","NOR",2019,7.999583,0.663167,4.103974,2.813428,0.134997,0.178936,0.105081
"Norway","NOR",2020,7.657478,0.669611,3.937962,2.661232,0.134762,0.15428,0.099631
"Norway","NOR",2021,7.573273,0.773197,3.975181,2.345509,0.129789,0.281113,0.068484
"Occupied Palestinian Territory","PSE",2017,0.69524,0,0.69524,0,0,0,0
"Occupied Palestinian Territory","PSE",2018,0.615776,0,0.615299,0,0,0.000477,0
"Occupied Palestinian Territory","PSE",2019,0.66508,0,0.664923,0,0,0.000157,0
"Occupied Palestinian Territory","PSE",2020,0.601108,0,0.601108,0,0,0,0
"Occupied Palestinian Territory","PSE",2021,0.602376,0,0.602376,0,0,0,0
"Oman","OMN",2017,15.1083,0,2.854092,10.853038,0.376802,1.024368,0
"Oman","OMN",2018,15.769026,0,2.887404,11.468149,0.402309,1.011165,0
"Oman","OMN",2019,15.681253,0,2.811703,11.464159,0.39458,1.010811,0
"Oman","OMN",2020,15.958578,0,2.493781,12.041041,0.399736,1.02402,0
"Oman","OMN",2021,17.916536,0,2.697747,13.787812,0.401763,1.029214,0
"Pacific Islands (Palau)","PIP",2017,0,0,0,0,0,0,0
"Pacific Islands (Palau)","PIP",2018,0,0,0,0,0,0,0
"Pacific Islands (Palau)","PIP",2019,0,0,0,0,0,0,0
"Pacific Islands (Palau)","PIP",2020,0,0,0,0,0,0,0
"Pacific Islands (Palau)","PIP",2021,0,0,0,0,0,0,0
"Pakistan","PAK",2017,0.998978,0.189384,0.394923,0.343343,0.068176,0.003151,0
"Pakistan","PAK",2018,0.933234,0.213355,0.301465,0.344887,0.07091,0.002616,0
"Pakistan","PAK",2019,0.922828,0.225294,0.290553,0.335776,0.069133,0.002072,0
"Pakistan","PAK",2020,0.925999,0.251809,0.288963,0.305565,0.077664,0.001998,0
"Pakistan","PAK",2021,0.991834,0.259101,0.324041,0.326313,0.080469,0.001909,0
"Palau","PLW",2017,12.119527,0,12.119527,0,0,0,0
"Palau","PLW",2018,11.896104,0,11.896104,0,0,0,0
"Palau","PLW",2019,12.270596,0,12.270596,0,0,0,0
"Palau","PLW",2020,12.910238,0,12.910238,0,0,0,0
"Palau","PLW",2021,13.229228,0,13.229228,0,0,0,0
"Panama","PAN",2017,2.739986,0.056373,2.501889,0,0.181724,0,0
"Panama","PAN",2018,2.585103,0.139818,2.169377,0.120472,0.155436,0,0
"Panama","PAN",2019,3.170571,0.562689,2.105323,0.367912,0.134646,0,0
"Panama","PAN",2020,2.714319,0.513271,1.799388,0.268954,0.132707,0,0
"Panama","PAN",2021,2.994902,0.6721,1.982355,0.209475,0.130972,0,0
"Panama Canal Zone","PCZ",2017,0,0,0,0,0,0,0
"Panama Canal Zone","PCZ",2018,0,0,0,0,0,0,0
"Panama Canal Zone","PCZ",2019,0,0,0,0,0,0,0
"Panama Canal Zone","PCZ",2020,0,0,0,0,0,0,0
"Panama Canal Zone","PCZ",2021,0,0,0,0,0,0,0
"Papua New Guinea","PNG",2017,0.709794,0,0.596946,0.102506,0,0.010342,0
"Papua New Guinea","PNG",2018,0.806341,0,0.714009,0.082869,0,0.009463,0
"Papua New Guinea","PNG",2019,0.825724,0,0.733761,0.085241,0,0.006722,0
"Papua New Guinea","PNG",2020,0.853891,0,0.757969,0.085386,0,0.010536,0
"Papua New Guinea","PNG",2021,0.85528,0,0.763302,0.079542,0,0.012435,0
"Paraguay","PRY",2017,1.269587,0.000577,1.205498,0,0.063513,0,0
"Paraguay","PRY",2018,1.320464,0.001707,1.256111,0,0.062646,0,0
"Paraguay","PRY",2019,1.262531,0.000561,1.200156,0,0.061814,0,0
"Paraguay","PRY",2020,1.213722,0.000194,1.152541,0,0.060986,0,0
"Paraguay","PRY",2021,1.279359,0.000282,1.218865,0,0.060212,0,0
"Peru","PER",2017,1.700036,0.088912,1.01234,0.457425,0.13576,0.005598,0
"Peru","PER",2018,1.712929,0.077713,1.031211,0.464233,0.134159,0.005614,0
"Peru","PER",2019,1.757201,0.078359,1.0593,0.477634,0.138497,0.003411,0
"Peru","PER",2020,1.425897,0.068139,0.807803,0.408776,0.136502,0.004677,0
"Peru","PER",2021,1.669323,0.073547,1.00294,0.4544,0.134839,0.003597,0
"Philippines","PHL",2017,1.266179,0.577412,0.522661,0.070542,0.093238,0.002326,0
"Philippines","PHL",2018,1.306305,0.597815,0.528699,0.077418,0.10048,0.001893,0
"Philippines","PHL",2019,1.315734,0.62991,0.50195,0.076677,0.105766,0.001431,0
"Philippines","PHL",2020,1.209203,0.616145,0.418905,0.068764,0.10406,0.001329,0
"Philippines","PHL",2021,1.266802,0.657815,0.447164,0.057877,0.102516,0.00143,0
"Poland","POL",2017,8.764866,5.283756,2.169276,0.885733,0.181572,0.121014,0.123514
"Poland","POL",2018,8.74963,5.161461,2.248373,0.889982,0.198729,0.125526,0.125559
"Poland","POL",2019,8.273782,4.622457,2.2902,0.921992,0.199837,0.112842,0.126453
"Poland","POL",2020,7.898412,4.273786,2.225741,0.956695,0.200129,0.109946,0.132115
"Poland","POL",2021,8.577376,4.68579,2.39401,1.059067,0.195685,0.110292,0.132531
"Portugal","PRT",2017,5.356296,1.203639,2.517383,1.193814,0.245512,0.111001,0.084947
"Portugal","PRT",2018,5.000965,1.009599,2.479536,1.100676,0.218747,0.101833,0.090575
"Portugal","PRT",2019,4.627714,0.489787,2.541583,1.18154,0.216241,0.110129,0.088434
"Portugal","PRT",2020,4.058955,0.236056,2.254302,1.164543,0.224278,0.098344,0.081431
"Portugal","PRT",2021,3.964704,0.107059,2.321238,1.132036,0.224454,0.098422,0.081495
"Puerto Rico","PRI",2017,0,0,0,0,0,0,0
"Puerto Rico","PRI",2018,0,0,0,0,0,0,0
"Puerto Rico","PRI",2019,0,0,0,0,0,0,0
"Puerto Rico","PRI",2020,0,0,0,0,0,0,0
"Puerto Rico","PRI",2021,0,0,0,0,0,0,0
"Qatar","QAT",2017,36.942875,0,3.339931,32.11306,0.772772,0.717113,0
"Qatar","QAT",2018,34.42036,0,1.639491,31.497296,0.605933,0.67764,0
"Qatar","QAT",2019,36.032711,0,3.71068,31.144656,0.559866,0.617509,0
"Qatar","QAT",2020,33.640499,0,2.949179,29.435718,0.569368,0.686234,0
"Qatar","QAT",2021,35.587357,0,3.226295,31.072901,0.58465,0.703512,0
"Reunion","REU",2017,4.773178,2.19061,2.582568,0,0,0,0
"Reunion","REU",2018,4.702964,2.158386,2.544578,0,0,0,0
"Reunion","REU",2019,4.776185,2.19199,2.584195,0,0,0,0
"Reunion","REU",2020,4.283633,1.965938,2.317696,0,0,0,0
"Reunion","REU",2021,4.246802,1.949034,2.297768,0,0,0,0
"Romania","ROU",2017,4.06333,1.108657,1.44273,1.238251,0.168043,0.039377,0.066272
"Romania","ROU",2018,4.106549,1.055481,1.465321,1.296068,0.178756,0.043889,0.067033
"Romania","ROU",2019,3.945389,0.937765,1.521071,1.18613,0.196065,0.044132,0.060227
"Romania","ROU",2020,3.813284,0.732148,1.50295,1.291942,0.200649,0.040833,0.04476
"Romania","ROU",2021,4.104127,0.851123,1.645286,1.319795,0.201827,0.041073,0.045023
"Russia","RUS",2017,11.372466,2.645015,2.84283,5.34357,0.141023,0.288246,0.111781
"Russia","RUS",2018,11.674741,2.721498,2.688019,5.667024,0.137936,0.339423,0.12084
"Russia","RUS",2019,11.612027,2.678461,2.73371,5.515648,0.139329,0.4299,0.114979
"Russia","RUS",2020,11.154039,2.518647,2.615302,5.361872,0.141334,0.404634,0.11225
"Russia","RUS",2021,12.09865,2.620399,2.777896,6.030566,0.151071,0.406069,0.112648
"Rwanda","RWA",2017,0.095476,0.000599,0.076394,0.00689,0.011593,0,0
"Rwanda","RWA",2018,0.102241,0.00117,0.081865,0.007602,0.011604,0,0
"Rwanda","RWA",2019,0.14118,0.00143,0.119853,0.007151,0.012746,0,0
"Rwanda","RWA",2020,0.126413,0.00136,0.105922,0.006687,0.012445,0,0
"Rwanda","RWA",2021,0.130333,0.001428,0.109183,0.00757,0.012153,0,0
"Ryukyu Islands","RYI",2017,0,0,0,0,0,0,0
"Ryukyu Islands","RYI",2018,0,0,0,0,0,0,0
"Ryukyu Islands","RYI",2019,0,0,0,0,0,0,0
"Ryukyu Islands","RYI",2020,0,0,0,0,0,0,0
"Ryukyu Islands","RYI",2021,0,0,0,0,0,0,0
"Saint Helena","SHN",2017,2.000364,0,2.000364,0,0,0,0
"Saint Helena","SHN",2018,2.008772,0,2.008772,0,0,0,0
"Saint Helena","SHN",2019,2.690655,0,2.690655,0,0,0,0
"Saint Helena","SHN",2020,2.308731,0,2.308731,0,0,0,0
"Saint Helena","SHN",2021,2.550917,0,2.550917,0,0,0,0
"Saint Kitts and Nevis","KNA",2017,5.060668,0,5.060668,0,0,0,0
"Saint Kitts and Nevis","KNA",2018,5.139926,0,5.139926,0,0,0,0
"Saint Kitts and Nevis","KNA",2019,5.298793,0,5.298793,0,0,0,0
"Saint Kitts and Nevis","KNA",2020,4.530767,0,4.530767,0,0,0,0
"Saint Kitts and Nevis","KNA",2021,4.995041,0,4.995041,0,0,0,0
"Saint Lucia","LCA",2017,2.85405,0,2.85405,0,0,0,0
"Saint Lucia","LCA",2018,2.863015,0,2.863015,0,0,0,0
"Saint Lucia","LCA",2019,2.892907,0,2.892907,0,0,0,0
"Saint Lucia","LCA",2020,2.460958,0,2.460958,0,0,0,0
"Saint Lucia","LCA",2021,2.704837,0,2.704837,0,0,0,0
"Saint Pierre and Miquelon","SPM",2017,11.071345,0,11.071345,0,0,0,0
"Saint Pierre and Miquelon","SPM",2018,9.862719,0,9.862719,0,0,0,0
"Saint Pierre and Miquelon","SPM",2019,11.131139,0,11.131139,0,0,0,0
"Saint Pierre and Miquelon","SPM",2020,9.534364,0,9.534364,0,0,0,0
"Saint Pierre and Miquelon","SPM",2021,10.544484,0,10.544484,0,0,0,0
"Saint Vincent and the Grenadines","VCT",2017,2.04811,0,2.04811,0,0,0,0
"Saint Vincent and the Grenadines","VCT",2018,2.296939,0,2.296939,0,0,0,0
"Saint Vincent and the Grenadines","VCT",2019,2.165072,0,2.165072,0,0,0,0
"Saint Vincent and the Grenadines","VCT",2020,1.853702,0,1.853702,0,0,0,0
"Saint Vincent and the Grenadines","VCT",2021,2.047981,0,2.047981,0,0,0,0
"Samoa","WSM",2017,1.182334,0,1.182334,0,0,0,0
"Samoa","WSM",2018,1.135712,0,1.135712,0,0,0,0
"Samoa","WSM",2019,1.279517,0,1.279517,0,0,0,0
"Samoa","WSM",2020,1.331423,0,1.331423,0,0,0,0
"Samoa","WSM",2021,1.344282,0,1.344282,0,0,0,0
"Sao Tome and Principe","STP",2017,0.616432,0,0.616432,0,0,0,0
"Sao Tome and Principe","STP",2018,0.62412,0,0.62412,0,0,0,0
"Sao Tome and Principe","STP",2019,0.614653,0,0.614653,0,0,0,0
"Sao Tome and Principe","STP",2020,0.568961,0,0.568961,0,0,0,0
"Sao Tome and Principe","STP",2021,0.591547,0,0.591547,0,0,0,0
"Saudi Arabia","SAU",2017,18.823627,0,10.752529,7.241969,0.701842,0.127286,0
"Saudi Arabia","SAU",2018,17.881911,0,9.694946,7.345341,0.717768,0.123856,0
"Saudi Arabia","SAU",2019,18.323466,0,10.382984,7.143536,0.686726,0.110219,0
"Saudi Arabia","SAU",2020,18.367947,0,10.307343,7.231387,0.710971,0.118246,0
"Saudi Arabia","SAU",2021,18.702989,0,10.28421,7.512159,0.797994,0.108627,0
"Senegal","SEN",2017,0.709875,0.094997,0.478855,0.002417,0.132856,0.000749,0
"Senegal","SEN",2018,0.727477,0.145149,0.44627,0.001412,0.134647,0,0
"Senegal","SEN",2019,0.797552,0.130486,0.498136,0.001831,0.167098,0,0
"Senegal","SEN",2020,0.775358,0.115237,0.49554,0.001909,0.162672,0,0
"Senegal","SEN",2021,0.80572,0.12978,0.515504,0.002011,0.158425,0,0
"Serbia","SRB",2017,6.099167,4.155716,1.188399,0.648932,0.10612,0,0
"Serbia","SRB",2018,5.961991,3.982492,1.206084,0.65652,0.116895,0,0
"Serbia","SRB",2019,5.991645,3.999626,1.246077,0.616355,0.129586,0,0
"Serbia","SRB",2020,6.054516,4.135405,1.172159,0.616548,0.130344,0.000059,0
"Serbia","SRB",2021,4.230501,2.194432,1.192537,0.712093,0.131438,0,0
"Seychelles","SYC",2017,5.650156,0,5.650156,0,0,0,0
"Seychelles","SYC",2018,5.828227,0,5.828227,0,0,0,0
"Seychelles","SYC",2019,5.686988,0,5.686988,0,0,0,0
"Seychelles","SYC",2020,5.101716,0,5.101716,0,0,0,0
"Seychelles","SYC",2021,5.337406,0,5.337406,0,0,0,0
"Sierra Leone","SLE",2017,0.137444,0,0.137444,0,0,0,0
"Sierra Leone","SLE",2018,0.131901,0,0.131901,0,0,0,0
"Sierra Leone","SLE",2019,0.147984,0,0.147984,0,0,0,0
"Sierra Leone","SLE",2020,0.147738,0,0.147738,0,0,0,0
"Sierra Leone","SLE",2021,0.154312,0,0.154312,0,0,0,0
"Singapore","SGP",2017,6.445782,0.670575,2.278683,3.496523,0,0,0
"Singapore","SGP",2018,7.914618,0.353483,4.021264,3.539871,0,0,0
"Singapore","SGP",2019,5.099641,0.33602,1.202928,3.560692,0,0,0
"Singapore","SGP",2020,5.06094,0.315491,1.19698,3.54847,0,0,0
"Singapore","SGP",2021,5.471564,0.563631,1.166976,3.740957,0,0,0
"Sint Maarten (Dutch part)","SXM",2017,16.883986,0,16.883986,0,0,0,0
"Sint Maarten (Dutch part)","SXM",2018,16.30526,0,16.30526,0,0,0,0
"Sint Maarten (Dutch part)","SXM",2019,16.026803,0,16.026803,0,0,0,0
"Sint Maarten (Dutch part)","SXM",2020,13.482639,0,13.482639,0,0,0,0
"Sint Maarten (Dutch part)","SXM",2021,14.711011,0,14.711011,0,0,0,0
"Slovakia","SVK",2017,6.639067,2.626085,1.863442,1.72625,0.251324,0.004172,0.167793
"Slovakia","SVK",2018,6.628357,2.608226,1.878953,1.718268,0.247245,0.003622,0.172042
"Slovakia","SVK",2019,6.193007,2.159631,1.892091,1.717967,0.257479,0.003498,0.162341
"Slovakia","SVK",2020,5.698469,1.824551,1.761224,1.702124,0.264473,0.002413,0.143683
"Slovakia","SVK",2021,6.4814,2.30909,1.852993,1.908065,0.264913,0.002417,0.143922
"Slovenia","SVN",2017,6.968205,2.338318,3.484087,0.835533,0.195499,0.06632,0.048448
"Slovenia","SVN",2018,6.898023,2.275529,3.478907,0.816933,0.21372,0.062183,0.05075
"Slovenia","SVN",2019,6.648746,2.144189,3.33975,0.829677,0.226049,0.058973,0.050108
"Slovenia","SVN",2020,6.07574,2.074313,2.842406,0.826265,0.22425,0.059073,0.049433
"Slovenia","SVN",2021,5.921143,1.705311,3.013811,0.869544,0.224063,0.059024,0.049391
"Solomon Islands","SLB",2017,0.444029,0,0.444029,0,0,0,0
"Solomon Islands","SLB",2018,0.439069,0,0.439069,0,0,0,0
"Solomon Islands","SLB",2019,0.434256,0,0.434256,0,0,0,0
"Solomon Islands","SLB",2020,0.447581,0,0.447581,0,0,0,0
"Solomon Islands","SLB",2021,0.449141,0,0.449141,0,0,0,0
"Somalia","SOM",2017,0.042891,0,0.042891,0,0,0,0
"Somalia","SOM",2018,0.041369,0,0.041369,0,0,0,0
"Somalia","SOM",2019,0.039893,0,0.039893,0,0,0,0
"Somalia","SOM",2020,0.034968,0,0.034968,0,0,0,0
"Somalia","SOM",2021,0.035766,0,0.035766,0,0,0,0
"South Africa","ZAF",2017,7.757252,6.530899,0.999484,0.129569,0.096775,0.000525,0
"South Africa","ZAF",2018,7.590512,6.193131,1.14201,0.159046,0.095328,0.000996,0
"South Africa","ZAF",2019,8.038352,6.788868,0.998142,0.156748,0.093876,0.000718,0
"South Africa","ZAF",2020,7.411864,6.347073,0.83334,0.144281,0.086238,0.000931,0
"South Africa","ZAF",2021,7.339827,6.234256,0.880674,0.138634,0.085381,0.000882,0
"South Korea","KOR",2017,12.70659,6.555194,3.482968,1.958015,0.511546,0,0.198867
"South Korea","KOR",2018,12.968438,6.586068,3.437376,2.267409,0.47801,0,0.199575
"South Korea","KOR",2019,12.472095,6.208152,3.39352,2.192626,0.481237,0,0.196559
"South Korea","KOR",2020,11.527395,5.456362,3.183892,2.249691,0.44104,0.000006,0.196404
"South Korea","KOR",2021,11.886424,5.477669,3.308581,2.446255,0.457341,0.000118,0.196459
"South Sudan","SSD",2017,0.136477,0,0.136477,0,0,0,0
"South Sudan","SSD",2018,0.144159,0,0.144159,0,0,0,0
"South Sudan","SSD",2019,0.158166,0,0.158166,0,0,0,0
"South Sudan","SSD",2020,0.141316,0,0.141316,0,0,0,0
"South Sudan","SSD",2021,0.147192,0,0.147192,0,0,0,0
"Spain","ESP",2017,5.904435,1.150449,3.060514,1.343378,0.202831,0.082069,0.065195
"Spain","ESP",2018,5.771329,1.027229,3.067432,1.32293,0.206604,0.081082,0.066052
"Spain","ESP",2019,5.343047,0.501205,2.996325,1.511792,0.192317,0.077335,0.064074
"Spain","ESP",2020,4.504277,0.301919,2.539568,1.358016,0.172954,0.075127,0.056693
"Spain","ESP",2021,4.920291,0.39117,2.803142,1.413211,0.181289,0.074932,0.056546
"Sri Lanka","LKA",2017,1.070845,0.26611,0.754715,0,0.05002,0,0
"Sri Lanka","LKA",2018,0.972838,0.256155,0.666445,0,0.050237,0,0
"Sri Lanka","LKA",2019,1.026349,0.272646,0.683901,0,0.069802,0,0
"Sri Lanka","LKA",2020,0.999475,0.291752,0.638132,0,0.069591,0,0
"Sri Lanka","LKA",2021,0.954416,0.279086,0.605924,0,0.069405,0,0
"St. Kitts-Nevis-Anguilla","KNA",2017,0,0,0,0,0,0,0
"St. Kitts-Nevis-Anguilla","KNA",2018,0,0,0,0,0,0,0
"St. Kitts-Nevis-Anguilla","KNA",2019,0,0,0,0,0,0,0
"St. Kitts-Nevis-Anguilla","KNA",2020,0,0,0,0,0,0,0
"St. Kitts-Nevis-Anguilla","KNA",2021,0,0,0,0,0,0,0
"Sudan","SDN",2017,0.551418,0,0.495478,0,0.03824,0.0177,0
"Sudan","SDN",2018,0.520591,0,0.467258,0,0.037039,0.016294,0
"Sudan","SDN",2019,0.507772,0,0.459694,0,0.035982,0.012096,0
"Sudan","SDN",2020,0.450839,0,0.405619,0,0.035004,0.010216,0
"Sudan","SDN",2021,0.460786,0,0.416732,0,0.034071,0.009983,0
"Suriname","SUR",2017,3.593344,0,3.554503,0.012472,0.020133,0.006236,0
"Suriname","SUR",2018,3.148779,0,3.110341,0.018514,0.019925,0,0
"Suriname","SUR",2019,4.469209,0,4.431167,0.018336,0.019706,0,0
"Suriname","SUR",2020,4.295482,0,4.261121,0.014874,0.019486,0,0
"Suriname","SUR",2021,4.556728,0,4.520192,0.017238,0.019298,0,0
"Swaziland","SWZ",2017,0.856023,0.140019,0.716004,0,0,0,0
"Swaziland","SWZ",2018,0.890403,0.138928,0.751474,0,0,0,0
"Swaziland","SWZ",2019,0.958594,0.172296,0.786298,0,0,0,0
"Swaziland","SWZ",2020,0.897834,0.153415,0.744419,0,0,0,0
"Swaziland","SWZ",2021,0.911889,0.160061,0.751829,0,0,0,0
"Sweden","SWE",2017,4.245718,0.842477,2.933163,0.180611,0.147572,0.079604,0.062291
"Sweden","SWE",2018,4.142263,0.791797,2.870702,0.186342,0.158151,0.081186,0.054086
"Sweden","SWE",2019,3.991313,0.788095,2.795639,0.173119,0.131418,0.05222,0.050823
"Sweden","SWE",2020,3.521575,0.642557,2.522632,0.139503,0.12268,0.042912,0.051291
"Sweden","SWE",2021,3.424918,0.530563,2.537716,0.141789,0.12153,0.04251,0.05081
"Switzerland","CHE",2017,4.517281,0.059897,3.386255,0.838451,0.208221,0.003688,0.020769
"Switzerland","CHE",2018,4.330742,0.056252,3.261487,0.785151,0.204171,0.003276,0.020406
"Switzerland","CHE",2019,4.283446,0.050329,3.205528,0.802149,0.201993,0.003889,0.019557
"Switzerland","CHE",2020,3.963711,0.04797,2.929779,0.769703,0.194388,0.003056,0.018815
"Switzerland","CHE",2021,4.019107,0.047549,2.924785,0.831828,0.193208,0.003037,0.0187
"Syria","SYR",2017,1.717992,0.000193,1.19937,0.36151,0.039004,0.117915,0
"Syria","SYR",2018,1.563605,0.00019,1.102225,0.353068,0.03884,0.069282,0
"Syria","SYR",2019,1.367232,0.000182,0.915897,0.325778,0.038231,0.087143,0
"Syria","SYR",2020,1.259343,0.000139,0.819003,0.314726,0.03699,0.088485,0
"Syria","SYR",2021,1.266193,0.000119,0.81765,0.320633,0.036033,0.091758,0
"Taiwan","TWN",2017,12.035526,6.871645,2.934671,1.962717,0.226368,0.001883,0.038242
"Taiwan","TWN",2018,11.921133,6.693304,2.907881,2.047654,0.226669,0.002424,0.043201
"Taiwan","TWN",2019,11.502987,6.500221,2.753439,1.974532,0.231645,0.001388,0.041762
"Taiwan","TWN",2020,11.093659,6.055988,2.639961,2.108571,0.24179,0.005664,0.041685
"Taiwan","TWN",2021,11.854867,6.491521,2.762183,2.308715,0.245175,0.005655,0.041618
"Tajikistan","TJK",2017,0.880432,0.443759,0.265599,0.000411,0.170664,0,0
"Tajikistan","TJK",2018,0.997827,0.459008,0.320985,0.012037,0.205797,0,0
"Tajikistan","TJK",2019,1.053033,0.488952,0.314326,0.029824,0.219931,0,0
"Tajikistan","TJK",2020,0.988561,0.471728,0.270855,0.030799,0.215179,0,0
"Tajikistan","TJK",2021,1.060138,0.531791,0.285824,0.031909,0.210614,0,0
"Tanzania","TZA",2017,0.202659,0.026568,0.120794,0.026373,0.028924,0,0
"Tanzania","TZA",2018,0.20291,0.02869,0.119614,0.024528,0.030077,0,0
"Tanzania","TZA",2019,0.217854,0.031577,0.112847,0.031271,0.042158,0,0
"Tanzania","TZA",2020,0.199243,0.029898,0.099316,0.029121,0.040907,0,0
"Tanzania","TZA",2021,0.205366,0.031188,0.101726,0.032757,0.039695,0,0
"Thailand","THA",2017,4.133733,0.885262,1.760396,1.162417,0.315783,0.009874,0
"Thailand","THA",2018,3.966176,0.851829,1.647302,1.142572,0.315852,0.008622,0
"Thailand","THA",2019,4.070233,0.876244,1.696994,1.175913,0.312789,0.008293,0
"Thailand","THA",2020,3.880599,0.934656,1.551684,1.07902,0.306756,0.008484,0
"Thailand","THA",2021,3.889545,0.986674,1.518872,1.080827,0.295402,0.00777,0
"Timor-Leste","TLS",2017,0.509857,0,0.442072,0,0,0.067784,0
"Timor-Leste","TLS",2018,0.502337,0,0.394901,0,0,0.107436,0
"Timor-Leste","TLS",2019,0.535104,0,0.472151,0,0,0.062953,0
"Timor-Leste","TLS",2020,0.552826,0,0.490819,0,0,0.062006,0
"Timor-Leste","TLS",2021,0.557426,0,0.496403,0,0,0.061023,0
"Togo","TGO",2017,0.275053,0,0.177769,0,0.097284,0,0
"Togo","TGO",2018,0.274385,0,0.165745,0.010928,0.097712,0,0
"Togo","TGO",2019,0.2675,0,0.142238,0.023114,0.102148,0,0
"Togo","TGO",2020,0.265759,0,0.141871,0.024154,0.099735,0,0
"Togo","TGO",2021,0.270916,0,0.147997,0.025517,0.097401,0,0
"Tonga","TON",2017,1.286041,0,1.286041,0,0,0,0
"Tonga","TON",2018,1.289282,0,1.289282,0,0,0,0
"Tonga","TON",2019,1.536107,0,1.536107,0,0,0,0
"Tonga","TON",2020,1.616566,0,1.616566,0,0,0,0
"Tonga","TON",2021,1.649345,0,1.649345,0,0,0,0
"Trinidad and Tobago","TTO",2017,27.267478,0,3.458982,23.382817,0.175671,0.250009,0
"Trinidad and Tobago","TTO",2018,26.801118,0,2.612779,23.775558,0.17082,0.241961,0
"Trinidad and Tobago","TTO",2019,26.82198,0,2.46122,23.95893,0.172932,0.228897,0
"Trinidad and Tobago","TTO",2020,23.552538,0,2.284778,20.846939,0.173138,0.247683,0
"Trinidad and Tobago","TTO",2021,23.677599,0,2.016713,21.305957,0.172285,0.182644,0
"Tunisia","TUN",2017,2.581057,0,1.211833,1.053026,0.27144,0.044758,0
"Tunisia","TUN",2018,2.513771,0,1.151425,1.054398,0.261901,0.046047,0
"Tunisia","TUN",2019,2.465236,0,1.117039,1.042225,0.267502,0.03847,0
"Tunisia","TUN",2020,2.267629,0,0.972416,0.994089,0.265029,0.036095,0
"Tunisia","TUN",2021,2.575462,0,1.155178,1.115694,0.262842,0.041749,0
"Turkey","TUR",2017,5.240849,1.923962,1.471138,1.277743,0.4808,0.001913,0.085295
"Turkey","TUR",2018,5.102916,1.968848,1.42094,1.153031,0.475955,0.002107,0.082036
"Turkey","TUR",2019,4.81207,1.976146,1.375871,0.995918,0.387495,0.00219,0.07445
"Turkey","TUR",2020,4.9139,1.88542,1.370183,1.096054,0.485084,0.00232,0.07484
"Turkey","TUR",2021,5.263368,1.917565,1.39616,1.349392,0.523674,0.002303,0.074275
"Turkmenistan","TKM",2017,12.291226,0,3.350501,8.185952,0.23018,0.524593,0
"Turkmenistan","TKM",2018,12.077698,0,3.320823,8.055879,0.239095,0.461902,0
"Turkmenistan","TKM",2019,12.139744,0,3.282977,8.199113,0.247244,0.410409,0
"Turkmenistan","TKM",2020,11.524943,0,3.190759,7.589088,0.243604,0.501492,0
"Turkmenistan","TKM",2021,13.088727,0,3.236365,9.265475,0.240093,0.346794,0
"Turks and Caicos Islands","TCA",2017,8.828029,0,8.828029,0,0,0,0
"Turks and Caicos Islands","TCA",2018,8.743365,0,8.743365,0,0,0,0
"Turks and Caicos Islands","TCA",2019,8.420056,0,8.420056,0,0,0,0
"Turks and Caicos Islands","TCA",2020,6.994867,0,6.994867,0,0,0,0
"Turks and Caicos Islands","TCA",2021,7.562677,0,7.562677,0,0,0,0
"Tuvalu","TUV",2017,0.676764,0,0.676764,0,0,0,0
"Tuvalu","TUV",2018,0.674459,0,0.674459,0,0,0,0
"Tuvalu","TUV",2019,0.668857,0,0.668857,0,0,0,0
"Tuvalu","TUV",2020,0.698717,0,0.698717,0,0,0,0
"Tuvalu","TUV",2021,0.7094,0,0.7094,0,0,0,0
"USA","USA",2017,15.800777,3.9676,7.018608,4.428231,0.12227,0.179645,0.084423
"USA","USA",2018,16.187923,3.782144,7.121344,4.873608,0.117332,0.219145,0.074349
"USA","USA",2019,15.730884,3.202695,7.055616,5.007181,0.122326,0.264367,0.078699
"USA","USA",2020,14.037218,2.616442,6.100269,4.92251,0.121115,0.201476,0.075405
"USA","USA",2021,14.858668,2.974205,6.628469,4.857715,0.122265,0.200845,0.075169
"Uganda","UGA",2017,0.133997,0,0.124638,0,0.009359,0,0
"Uganda","UGA",2018,0.135632,0,0.127707,0,0.007925,0,0
"Uganda","UGA",2019,0.139975,0,0.12643,0,0.013545,0,0
"Uganda","UGA",2020,0.124018,0,0.110917,0,0.013101,0,0
"Uganda","UGA",2021,0.126063,0,0.113376,0,0.012687,0,0
"Ukraine","UKR",2017,4.995539,2.521122,0.791409,1.492592,0.079346,0.051592,0.059478
"Ukraine","UKR",2018,5.212386,2.712088,0.792284,1.507232,0.083667,0.053982,0.063134
"Ukraine","UKR",2019,5.022647,2.579566,0.870383,1.3693,0.08928,0.053269,0.060848
"Ukraine","UKR",2020,4.712884,2.326331,0.795141,1.384079,0.09171,0.052471,0.063153
"Ukraine","UKR",2021,4.637058,2.339223,0.837403,1.242234,0.10157,0.052927,0.063701
"United Arab Emirates","ARE",2017,23.615904,0.890321,6.88883,14.986416,0.670153,0.180184,0
"United Arab Emirates","ARE",2018,22.999398,0.796701,6.788012,14.613066,0.622851,0.178767,0
"United Arab Emirates","ARE",2019,22.633898,0.813979,6.567223,14.453508,0.621808,0.17738,0
"United Arab Emirates","ARE",2020,21.436228,0.771883,5.811253,14.060411,0.616745,0.175936,0
"United Arab Emirates","ARE",2021,21.792151,0.714923,6.389958,13.90118,0.611617,0.174473,0
"United Kingdom","GBR",2017,5.863442,0.592279,2.646653,2.447557,0.066749,0.065107,0.045097
"United Kingdom","GBR",2018,5.715981,0.50096,2.605439,2.430799,0.065689,0.067382,0.045712
"United Kingdom","GBR",2019,5.462124,0.367074,2.530682,2.385805,0.066616,0.06414,0.047808
"United Kingdom","GBR",2020,4.865281,0.340137,2.147063,2.228173,0.058153,0.051337,0.040419
"United Kingdom","GBR",2021,5.1541,0.352101,2.290553,2.3612,0.057961,0.051632,0.040652
"Uruguay","URY",2017,1.800764,0.001071,1.670224,0.035332,0.094137,0,0
"Uruguay","URY",2018,1.917388,0.001069,1.789746,0.033143,0.093429,0,0
"Uruguay","URY",2019,1.89299,0.001069,1.759035,0.048119,0.084766,0,0
"Uruguay","URY",2020,1.836247,0.000375,1.711625,0.039498,0.084749,0,0
"Uruguay","URY",2021,1.966539,0.000552,1.834908,0.046259,0.084819,0,0
"Uzbekistan","UZB",2017,3.409875,0.209325,0.347881,2.687962,0.114735,0.049972,0
"Uzbekistan","UZB",2018,3.58908,0.29764,0.36042,2.768868,0.116368,0.045782,0
"Uzbekistan","UZB",2019,3.602454,0.251096,0.372311,2.80161,0.141889,0.035547,0
"Uzbekistan","UZB",2020,3.526737,0.338472,0.326481,2.691333,0.139563,0.030889,0
"Uzbekistan","UZB",2021,3.568847,0.237196,0.346405,2.822092,0.137291,0.025863,0
"Vanuatu","VUT",2017,0.479715,0,0.479715,0,0,0,0
"Vanuatu","VUT",2018,0.591568,0,0.591568,0,0,0,0
"Vanuatu","VUT",2019,0.529612,0,0.529612,0,0,0,0
"Vanuatu","VUT",2020,0.545904,0,0.545904,0,0,0,0
"Vanuatu","VUT",2021,0.547911,0,0.547911,0,0,0,0
"Venezuela","VEN",2017,4.593233,0.01019,2.518056,1.564779,0.069798,0.430411,0
"Venezuela","VEN",2018,3.442401,0.004177,1.449721,1.398248,0.067426,0.52283,0
"Venezuela","VEN",2019,3.075801,0.005691,1.199725,1.189986,0.061247,0.619152,0
"Venezuela","VEN",2020,2.683968,0.002292,1.03257,1.020079,0.062281,0.566745,0
"Venezuela","VEN",2021,2.827907,0.001283,1.071702,1.146074,0.062923,0.545925,0
"Viet Nam","VNM",2017,2.478286,1.15089,0.663274,0.190114,0.454471,0.019537,0
"Viet Nam","VNM",2018,2.889164,1.420792,0.735006,0.195487,0.522971,0.014908,0
"Viet Nam","VNM",2019,3.560416,1.998842,0.796989,0.197401,0.551855,0.015329,0
"Viet Nam","VNM",2020,3.403044,1.989463,0.675848,0.175673,0.548774,0.013286,0
"Viet Nam","VNM",2021,3.344827,2.016234,0.621885,0.140346,0.555266,0.011096,0
"Wallis and Futuna Islands","WLF",2017,2.148794,0,2.148794,0,0,0,0
"Wallis and Futuna Islands","WLF",2018,2.170616,0,2.170616,0,0,0,0
"Wallis and Futuna Islands","WLF",2019,2.189517,0,2.189517,0,0,0,0
"Wallis and Futuna Islands","WLF",2020,2.32255,0,2.32255,0,0,0,0
"Wallis and Futuna Islands","WLF",2021,2.392571,0,2.392571,0,0,0,0
"Yemen","YEM",2017,0.35255,0.010247,0.274851,0.019641,0.022327,0.025483,0
"Yemen","YEM",2018,0.340175,0.010115,0.272148,0.006426,0.021325,0.030162,0
"Yemen","YEM",2019,0.402066,0.011263,0.320923,0.00627,0.021035,0.042575,0
"Yemen","YEM",2020,0.376041,0.008663,0.289919,0.006119,0.020555,0.050785,0
"Yemen","YEM",2021,0.378289,0.007456,0.290844,0.006264,0.02012,0.053605,0
"Zambia","ZMB",2017,0.395586,0.109991,0.236089,0,0.049506,0,0
"Zambia","ZMB",2018,0.415569,0.153866,0.201936,0,0.059767,0,0
"Zambia","ZMB",2019,0.421489,0.127718,0.241488,0,0.052283,0,0
"Zambia","ZMB",2020,0.384656,0.12108,0.212805,0,0.050771,0,0
"Zambia","ZMB",2021,0.394194,0.126514,0.21833,0,0.049349,0,0
"Zimbabwe","ZWE",2017,0.650533,0.400001,0.218747,0,0.031785,0,0
"Zimbabwe","ZWE",2018,0.783639,0.476859,0.269709,0,0.03707,0,0
"Zimbabwe","ZWE",2019,0.723861,0.448616,0.238148,0,0.037097,0,0
"Zimbabwe","ZWE",2020,0.67697,0.428954,0.211664,0,0.036351,0,0
"Zimbabwe","ZWE",2021,0.706293,0.451784,0.218894,0,0.035615,0,0
